mean_fit_time,std_fit_time,mean_score_time,std_score_time,param_C,param_solver,params,split0_test_score,split1_test_score,split2_test_score,split3_test_score,split4_test_score,mean_test_score,std_test_score,rank_test_score,model,param_max_depth,param_max_features,param_min_samples_leaf,param_min_samples_split,param_n_estimators,param_colsample_bytree,param_learning_rate,param_min_child_weight,param_subsample
0.010130691528320312,0.0013990187643312946,0.005333042144775391,0.0008641097102603687,0.01,liblinear,"{'C': 0.01, 'solver': 'liblinear'}",0.8108258928571429,0.7888764880952381,0.7853422619047619,0.6928943452380952,0.8059895833333333,0.7767857142857142,0.043055226961843183,3.0,Logistic Regression,,,,,,,,,
0.012826776504516602,0.00850878593864363,0.006876134872436523,0.002913960720729866,0.01,lbfgs,"{'C': 0.01, 'solver': 'lbfgs'}",0.8113839285714285,0.7888764880952381,0.784970238095238,0.6928943452380952,0.8054315476190476,0.7767113095238095,0.043054680490659504,4.0,Logistic Regression,,,,,,,,,
0.006222581863403321,0.005143201661827807,0.00531473159790039,0.0035932135437940116,0.1,liblinear,"{'C': 0.1, 'solver': 'liblinear'}",0.8219866071428571,0.8197544642857143,0.7831101190476191,0.6837797619047619,0.7979910714285714,0.7813244047619048,0.050845271325637764,2.0,Logistic Regression,,,,,,,,,
0.01195669174194336,0.001543292630175902,0.004924964904785156,0.001015911154846112,0.1,lbfgs,"{'C': 0.1, 'solver': 'lbfgs'}",0.8216145833333334,0.8199404761904762,0.7834821428571429,0.6839657738095238,0.7979910714285714,0.7813988095238095,0.050745656787430565,1.0,Logistic Regression,,,,,,,,,
0.0075877666473388675,0.0012096051287192957,0.005776214599609375,0.0006815293632309931,1.0,liblinear,"{'C': 1.0, 'solver': 'liblinear'}",0.8065476190476191,0.8312872023809523,0.7563244047619048,0.6767113095238096,0.7756696428571429,0.7693080357142857,0.0529365697545211,5.0,Logistic Regression,,,,,,,,,
0.014250946044921876,0.0016267097461544755,0.004446744918823242,0.000688826290057953,1.0,lbfgs,"{'C': 1.0, 'solver': 'lbfgs'}",0.8061755952380952,0.8312872023809523,0.7550223214285714,0.6757812500000001,0.7756696428571428,0.7687872023809523,0.05327492662269847,6.0,Logistic Regression,,,,,,,,,
0.00930771827697754,0.0022665719416308876,0.00477757453918457,0.001094869760298716,10.0,liblinear,"{'C': 10.0, 'solver': 'liblinear'}",0.80078125,0.8335193452380952,0.7196800595238095,0.6733630952380951,0.7710193452380952,0.7596726190476191,0.0571327321604071,8.0,Logistic Regression,,,,,,,,,
0.016352176666259766,0.003864545106947175,0.00408778190612793,4.7750093036874485e-05,10.0,lbfgs,"{'C': 10.0, 'solver': 'lbfgs'}",0.8002232142857142,0.8335193452380952,0.7198660714285714,0.6735491071428571,0.771391369047619,0.7597098214285714,0.05698566918243379,7.0,Logistic Regression,,,,,,,,,
0.009722757339477538,0.0021534432464427804,0.005044174194335937,0.0018048126088970834,100.0,liblinear,"{'C': 100.0, 'solver': 'liblinear'}",0.8004092261904762,0.8337053571428571,0.7126116071428571,0.6726190476190477,0.7708333333333333,0.7580357142857143,0.05838586279011166,9.0,Logistic Regression,,,,,,,,,
0.012666559219360352,0.0024458315935975998,0.0008046150207519532,0.0009854481201105917,100.0,lbfgs,"{'C': 100.0, 'solver': 'lbfgs'}",0.7991071428571429,0.8335193452380951,0.712797619047619,0.6728050595238095,0.7700892857142857,0.7576636904761905,0.05803445034490562,10.0,Logistic Regression,,,,,,,,,
0.22697782516479492,0.0017277131792124492,0.0450230598449707,0.0021815682423475687,,,"{'max_depth': None, 'max_features': 'sqrt', 'min_samples_leaf': 1, 'min_samples_split': 2, 'n_estimators': 100}",0.8104538690476191,0.8016183035714285,0.7748325892857143,0.7294456845238094,0.8095238095238095,0.7851748511904761,0.030708272633323448,279.0,Random Forest,,sqrt,1.0,2.0,100.0,,,,
0.5389581680297851,0.0415193862091638,0.10454850196838379,0.0022160606313965806,,,"{'max_depth': None, 'max_features': 'sqrt', 'min_samples_leaf': 1, 'min_samples_split': 2, 'n_estimators': 200}",0.820498511904762,0.8020833333333333,0.7739955357142857,0.7451636904761905,0.8195684523809524,0.7922619047619047,0.028952775383655097,185.0,Random Forest,,sqrt,1.0,2.0,200.0,,,,
0.8917347908020019,0.05529956758538117,0.11735196113586426,0.03379775683176692,,,"{'max_depth': None, 'max_features': 'sqrt', 'min_samples_leaf': 1, 'min_samples_split': 2, 'n_estimators': 300}",0.826171875,0.8056175595238095,0.7733444940476191,0.7398623511904763,0.8243117559523809,0.7938616071428573,0.03300375421396545,159.0,Random Forest,,sqrt,1.0,2.0,300.0,,,,
1.5645903587341308,0.042087758236472005,0.14429516792297364,0.01850314872295604,,,"{'max_depth': None, 'max_features': 'sqrt', 'min_samples_leaf': 1, 'min_samples_split': 2, 'n_estimators': 500}",0.8321242559523809,0.8067336309523809,0.7783668154761905,0.734188988095238,0.8232886904761905,0.7949404761904763,0.03547044619134913,135.0,Random Forest,,sqrt,1.0,2.0,500.0,,,,
0.3594807147979736,0.0963176315385146,0.07159304618835449,0.01474732396393207,,,"{'max_depth': None, 'max_features': 'sqrt', 'min_samples_leaf': 1, 'min_samples_split': 5, 'n_estimators': 100}",0.8102678571428572,0.80078125,0.7680431547619048,0.7211681547619048,0.810453869047619,0.7821428571428571,0.034224653821612036,286.0,Random Forest,,sqrt,1.0,5.0,100.0,,,,
0.7753482818603515,0.13452769412272642,0.08517937660217285,0.013379740329414526,,,"{'max_depth': None, 'max_features': 'sqrt', 'min_samples_leaf': 1, 'min_samples_split': 5, 'n_estimators': 200}",0.8236607142857143,0.8017113095238095,0.7782738095238095,0.7310267857142857,0.8141741071428571,0.7897693452380952,0.03307465329014963,232.0,Random Forest,,sqrt,1.0,5.0,200.0,,,,
0.9560729503631592,0.13267985994233794,0.11480236053466797,0.029746324899916025,,,"{'max_depth': None, 'max_features': 'sqrt', 'min_samples_leaf': 1, 'min_samples_split': 5, 'n_estimators': 300}",0.8238467261904763,0.80859375,0.7829241071428571,0.7286086309523809,0.8165922619047619,0.7921130952380953,0.03462692421202739,187.0,Random Forest,,sqrt,1.0,5.0,300.0,,,,
1.5098246574401855,0.05780838413864814,0.16576409339904785,0.036886001962239325,,,"{'max_depth': None, 'max_features': 'sqrt', 'min_samples_leaf': 1, 'min_samples_split': 5, 'n_estimators': 500}",0.8268229166666666,0.8061755952380952,0.7840401785714286,0.7258184523809523,0.8173363095238095,0.7920386904761905,0.03605235116736904,190.0,Random Forest,,sqrt,1.0,5.0,500.0,,,,
0.31706738471984863,0.02038873036681409,0.09057402610778809,0.029453424763750277,,,"{'max_depth': None, 'max_features': 'sqrt', 'min_samples_leaf': 1, 'min_samples_split': 10, 'n_estimators': 100}",0.8234747023809524,0.8244047619047619,0.7825520833333334,0.7317708333333334,0.8119419642857143,0.7948288690476192,0.03497201901493547,138.0,Random Forest,,sqrt,1.0,10.0,100.0,,,,
0.7794888973236084,0.09534380106040456,0.09859623908996581,0.01642465096084757,,,"{'max_depth': None, 'max_features': 'sqrt', 'min_samples_leaf': 1, 'min_samples_split': 10, 'n_estimators': 200}",0.8260788690476191,0.8218005952380952,0.785342261904762,0.7317708333333334,0.8218005952380952,0.797358630952381,0.03596059964500356,70.0,Random Forest,,sqrt,1.0,10.0,200.0,,,,
0.9741088390350342,0.1659146284823424,0.10516600608825684,0.009516910625197106,,,"{'max_depth': None, 'max_features': 'sqrt', 'min_samples_leaf': 1, 'min_samples_split': 10, 'n_estimators': 300}",0.8325892857142858,0.8253348214285714,0.7818080357142857,0.7273065476190477,0.8240327380952381,0.7982142857142858,0.03970095446364667,28.0,Random Forest,,sqrt,1.0,10.0,300.0,,,,
1.4429642677307128,0.061983206888617866,0.16284823417663574,0.024737233881180976,,,"{'max_depth': None, 'max_features': 'sqrt', 'min_samples_leaf': 1, 'min_samples_split': 10, 'n_estimators': 500}",0.8312872023809523,0.8234747023809524,0.7847842261904762,0.7267485119047619,0.824032738095238,0.7980654761904762,0.0392074267301403,34.0,Random Forest,,sqrt,1.0,10.0,500.0,,,,
0.31849074363708496,0.05009519327205056,0.07989401817321777,0.033113150427989145,,,"{'max_depth': None, 'max_features': 'sqrt', 'min_samples_leaf': 2, 'min_samples_split': 2, 'n_estimators': 100}",0.8329613095238095,0.8071056547619048,0.7719494047619048,0.7375372023809523,0.8227306547619049,0.7944568452380952,0.035180747794957654,150.0,Random Forest,,sqrt,2.0,2.0,100.0,,,,
0.7647800445556641,0.06859760697612019,0.12331571578979492,0.049845226085543655,,,"{'max_depth': None, 'max_features': 'sqrt', 'min_samples_leaf': 2, 'min_samples_split': 2, 'n_estimators': 200}",0.8268229166666667,0.8152901785714285,0.7788318452380952,0.7360491071428571,0.8219866071428572,0.795796130952381,0.03431068116872509,107.0,Random Forest,,sqrt,2.0,2.0,200.0,,,,
0.9291945934295655,0.16647217883029142,0.11274008750915528,0.031982632624926184,,,"{'max_depth': None, 'max_features': 'sqrt', 'min_samples_leaf': 2, 'min_samples_split': 2, 'n_estimators': 300}",0.8266369047619048,0.8119419642857143,0.7792038690476191,0.734375,0.8193824404761904,0.7943080357142857,0.034073278696211386,153.0,Random Forest,,sqrt,2.0,2.0,300.0,,,,
1.4678361892700196,0.047562627971905795,0.12639937400817872,0.00989754102160879,,,"{'max_depth': None, 'max_features': 'sqrt', 'min_samples_leaf': 2, 'min_samples_split': 2, 'n_estimators': 500}",0.8314732142857143,0.8136160714285714,0.7756696428571428,0.7295386904761904,0.8203125,0.7941220238095237,0.03734318591899334,154.0,Random Forest,,sqrt,2.0,2.0,500.0,,,,
0.32491469383239746,0.04301844097571776,0.07677950859069824,0.011574008833484568,,,"{'max_depth': None, 'max_features': 'sqrt', 'min_samples_leaf': 2, 'min_samples_split': 5, 'n_estimators': 100}",0.8340773809523808,0.8104538690476191,0.7708333333333334,0.7334449404761906,0.8121279761904762,0.7921875,0.035756771913939514,186.0,Random Forest,,sqrt,2.0,5.0,100.0,,,,
0.7427369117736816,0.06409229704244528,0.09353852272033691,0.020857028698838327,,,"{'max_depth': None, 'max_features': 'sqrt', 'min_samples_leaf': 2, 'min_samples_split': 5, 'n_estimators': 200}",0.8277529761904762,0.8182663690476191,0.781063988095238,0.7328869047619048,0.8184523809523809,0.7956845238095238,0.0352533734952184,116.0,Random Forest,,sqrt,2.0,5.0,200.0,,,,
0.8903854846954345,0.20490209128672965,0.1085130214691162,0.009260261046891155,,,"{'max_depth': None, 'max_features': 'sqrt', 'min_samples_leaf': 2, 'min_samples_split': 5, 'n_estimators': 300}",0.8372395833333334,0.8158482142857143,0.7868303571428572,0.7243303571428571,0.8173363095238095,0.7963169642857144,0.039420833764749974,93.0,Random Forest,,sqrt,2.0,5.0,300.0,,,,
1.4628050804138184,0.15345897139282058,0.1734231472015381,0.0325681116486061,,,"{'max_depth': None, 'max_features': 'sqrt', 'min_samples_leaf': 2, 'min_samples_split': 5, 'n_estimators': 500}",0.8311011904761906,0.8188244047619048,0.7911086309523809,0.7295386904761906,0.8191964285714285,0.7979538690476191,0.03664168243286284,40.0,Random Forest,,sqrt,2.0,5.0,500.0,,,,
0.3076596736907959,0.040555373016149567,0.07804803848266602,0.02014678184629912,,,"{'max_depth': None, 'max_features': 'sqrt', 'min_samples_leaf': 2, 'min_samples_split': 10, 'n_estimators': 100}",0.8353794642857142,0.8173363095238095,0.7840401785714285,0.7328869047619048,0.8151041666666667,0.7969494047619048,0.0360353791923437,81.0,Random Forest,,sqrt,2.0,10.0,100.0,,,,
0.7416130065917969,0.07976320091261029,0.09357075691223145,0.015139424746312876,,,"{'max_depth': None, 'max_features': 'sqrt', 'min_samples_leaf': 2, 'min_samples_split': 10, 'n_estimators': 200}",0.8266369047619048,0.8152901785714286,0.7831101190476191,0.7327008928571429,0.820126488095238,0.7955729166666667,0.034827668155357996,118.0,Random Forest,,sqrt,2.0,10.0,200.0,,,,
0.929260540008545,0.14988148637372084,0.12930660247802733,0.018192907880175534,,,"{'max_depth': None, 'max_features': 'sqrt', 'min_samples_leaf': 2, 'min_samples_split': 10, 'n_estimators': 300}",0.8327752976190477,0.822358630952381,0.7831101190476191,0.7317708333333333,0.8190104166666666,0.7978050595238095,0.03701870580683634,52.0,Random Forest,,sqrt,2.0,10.0,300.0,,,,
1.436821460723877,0.11117725114354095,0.14698176383972167,0.030682718634262814,,,"{'max_depth': None, 'max_features': 'sqrt', 'min_samples_leaf': 2, 'min_samples_split': 10, 'n_estimators': 500}",0.8277529761904762,0.8197544642857142,0.7847842261904762,0.7282366071428572,0.8275669642857143,0.7976190476190477,0.03814069669621658,63.0,Random Forest,,sqrt,2.0,10.0,500.0,,,,
0.3238105773925781,0.025427160786873442,0.09360203742980958,0.03166591284464175,,,"{'max_depth': None, 'max_features': 'sqrt', 'min_samples_leaf': 4, 'min_samples_split': 2, 'n_estimators': 100}",0.8249627976190477,0.8125,0.7879464285714286,0.7209821428571428,0.8191964285714285,0.7931175595238095,0.03821037694647522,173.0,Random Forest,,sqrt,4.0,2.0,100.0,,,,
0.7228908538818359,0.08189310653787754,0.09536795616149903,0.026437135974351104,,,"{'max_depth': None, 'max_features': 'sqrt', 'min_samples_leaf': 4, 'min_samples_split': 2, 'n_estimators': 200}",0.827752976190476,0.8149181547619048,0.7872023809523809,0.7243303571428571,0.8245907738095238,0.7957589285714286,0.03846355587977989,110.0,Random Forest,,sqrt,4.0,2.0,200.0,,,,
0.9313023090362549,0.11598545943102553,0.11615934371948242,0.008608469977166272,,,"{'max_depth': None, 'max_features': 'sqrt', 'min_samples_leaf': 4, 'min_samples_split': 2, 'n_estimators': 300}",0.8307291666666667,0.8177083333333333,0.7905505952380952,0.7198660714285714,0.8307291666666666,0.7979166666666667,0.04169216906627968,45.0,Random Forest,,sqrt,4.0,2.0,300.0,,,,
1.499526357650757,0.03365337711610121,0.13682408332824708,0.01658380528716163,,,"{'max_depth': None, 'max_features': 'sqrt', 'min_samples_leaf': 4, 'min_samples_split': 2, 'n_estimators': 500}",0.8312872023809523,0.8169642857142857,0.7877604166666667,0.7183779761904763,0.8296130952380952,0.7968005952380953,0.042200456511717166,83.0,Random Forest,,sqrt,4.0,2.0,500.0,,,,
0.29483752250671386,0.024923837446201223,0.07174944877624512,0.012040472680347655,,,"{'max_depth': None, 'max_features': 'sqrt', 'min_samples_leaf': 4, 'min_samples_split': 5, 'n_estimators': 100}",0.8249627976190477,0.8125,0.7879464285714286,0.7209821428571428,0.8191964285714285,0.7931175595238095,0.03821037694647522,173.0,Random Forest,,sqrt,4.0,5.0,100.0,,,,
0.6987266540527344,0.09990809893041591,0.08710651397705078,0.026729349579975657,,,"{'max_depth': None, 'max_features': 'sqrt', 'min_samples_leaf': 4, 'min_samples_split': 5, 'n_estimators': 200}",0.827752976190476,0.8149181547619048,0.7872023809523809,0.7243303571428571,0.8245907738095238,0.7957589285714286,0.03846355587977989,110.0,Random Forest,,sqrt,4.0,5.0,200.0,,,,
0.9413147926330566,0.1838456770151105,0.08594484329223633,0.012988402254672932,,,"{'max_depth': None, 'max_features': 'sqrt', 'min_samples_leaf': 4, 'min_samples_split': 5, 'n_estimators': 300}",0.8307291666666667,0.8177083333333333,0.7905505952380952,0.7198660714285714,0.8307291666666666,0.7979166666666667,0.04169216906627968,45.0,Random Forest,,sqrt,4.0,5.0,300.0,,,,
1.4335300922393799,0.07408922052553525,0.14481287002563475,0.027865822942899732,,,"{'max_depth': None, 'max_features': 'sqrt', 'min_samples_leaf': 4, 'min_samples_split': 5, 'n_estimators': 500}",0.8312872023809523,0.8169642857142857,0.7877604166666667,0.7183779761904763,0.8296130952380952,0.7968005952380953,0.042200456511717166,83.0,Random Forest,,sqrt,4.0,5.0,500.0,,,,
0.2900815486907959,0.01745487531544625,0.07417435646057129,0.013789297718963879,,,"{'max_depth': None, 'max_features': 'sqrt', 'min_samples_leaf': 4, 'min_samples_split': 10, 'n_estimators': 100}",0.8154761904761906,0.8281250000000001,0.7764136904761905,0.7362351190476191,0.8186383928571429,0.7949776785714286,0.03427556932311222,133.0,Random Forest,,sqrt,4.0,10.0,100.0,,,,
0.719301700592041,0.09037825219687992,0.1063657283782959,0.015642932177368746,,,"{'max_depth': None, 'max_features': 'sqrt', 'min_samples_leaf': 4, 'min_samples_split': 10, 'n_estimators': 200}",0.8180803571428572,0.8309151785714286,0.7780877976190476,0.7215401785714286,0.8212425595238095,0.7939732142857142,0.04046818843782537,157.0,Random Forest,,sqrt,4.0,10.0,200.0,,,,
0.9228012561798096,0.16930453722497735,0.084466552734375,0.006941018479355185,,,"{'max_depth': None, 'max_features': 'sqrt', 'min_samples_leaf': 4, 'min_samples_split': 10, 'n_estimators': 300}",0.8231026785714286,0.828125,0.7816220238095237,0.7213541666666666,0.8266369047619048,0.7961681547619047,0.04119168847565763,99.0,Random Forest,,sqrt,4.0,10.0,300.0,,,,
1.469618844985962,0.09754442575836932,0.1664734363555908,0.04165624589019685,,,"{'max_depth': None, 'max_features': 'sqrt', 'min_samples_leaf': 4, 'min_samples_split': 10, 'n_estimators': 500}",0.8240327380952381,0.8255208333333334,0.785342261904762,0.7209821428571429,0.8342633928571429,0.7980282738095238,0.04205258145971902,35.0,Random Forest,,sqrt,4.0,10.0,500.0,,,,
0.3156577587127686,0.03697765717785213,0.06801333427429199,0.015247926194833086,,,"{'max_depth': None, 'max_features': 'log2', 'min_samples_leaf': 1, 'min_samples_split': 2, 'n_estimators': 100}",0.8119419642857143,0.7843191964285715,0.7367001488095237,0.7348400297619048,0.8381696428571428,0.7811941964285714,0.04081622567023793,288.0,Random Forest,,log2,1.0,2.0,100.0,,,,
0.6674991130828858,0.022096840759839503,0.09948439598083496,0.026660225823116983,,,"{'max_depth': None, 'max_features': 'log2', 'min_samples_leaf': 1, 'min_samples_split': 2, 'n_estimators': 200}",0.8169642857142857,0.7929687500000001,0.7552083333333333,0.7483258928571429,0.8266369047619048,0.7880208333333333,0.031640969464615254,255.0,Random Forest,,log2,1.0,2.0,200.0,,,,
0.9044550895690918,0.19548125838695807,0.13430523872375488,0.015069087647205829,,,"{'max_depth': None, 'max_features': 'log2', 'min_samples_leaf': 1, 'min_samples_split': 2, 'n_estimators': 300}",0.8178013392857143,0.7996651785714285,0.7570684523809523,0.7384672619047619,0.8250558035714286,0.7876116071428572,0.034078812564152954,260.0,Random Forest,,log2,1.0,2.0,300.0,,,,
1.4738374710083009,0.09213947169922765,0.14388113021850585,0.032391227021991736,,,"{'max_depth': None, 'max_features': 'log2', 'min_samples_leaf': 1, 'min_samples_split': 2, 'n_estimators': 500}",0.8219866071428571,0.7973400297619048,0.7730654761904763,0.7386532738095238,0.8267299107142857,0.7915550595238094,0.03267194132897103,199.0,Random Forest,,log2,1.0,2.0,500.0,,,,
0.34401640892028806,0.06655299184867206,0.0954317569732666,0.036093013692961966,,,"{'max_depth': None, 'max_features': 'log2', 'min_samples_leaf': 1, 'min_samples_split': 5, 'n_estimators': 100}",0.827938988095238,0.8141741071428571,0.7816220238095238,0.7260044642857143,0.8193824404761905,0.7938244047619047,0.03736193463854361,160.0,Random Forest,,log2,1.0,5.0,100.0,,,,
0.7901970863342285,0.0582742872938111,0.08020763397216797,0.010155132127514158,,,"{'max_depth': None, 'max_features': 'log2', 'min_samples_leaf': 1, 'min_samples_split': 5, 'n_estimators': 200}",0.8346354166666666,0.8093377976190477,0.77734375,0.73046875,0.8147321428571428,0.7933035714285714,0.03640750526409339,168.0,Random Forest,,log2,1.0,5.0,200.0,,,,
0.8893617630004883,0.1621480983587272,0.09934816360473633,0.0051948888125830745,,,"{'max_depth': None, 'max_features': 'log2', 'min_samples_leaf': 1, 'min_samples_split': 5, 'n_estimators': 300}",0.8312872023809523,0.8087797619047619,0.7784598214285714,0.7328869047619047,0.8139880952380953,0.7930803571428571,0.03458433061169653,177.0,Random Forest,,log2,1.0,5.0,300.0,,,,
1.444573211669922,0.1143426668524319,0.16556406021118164,0.03624695635923327,,,"{'max_depth': None, 'max_features': 'log2', 'min_samples_leaf': 1, 'min_samples_split': 5, 'n_estimators': 500}",0.8273809523809524,0.8154761904761905,0.7818080357142857,0.7286086309523809,0.8197544642857143,0.7946056547619047,0.03650109099872528,148.0,Random Forest,,log2,1.0,5.0,500.0,,,,
0.33408374786376954,0.041423964401948794,0.06389284133911133,0.012575728746501652,,,"{'max_depth': None, 'max_features': 'log2', 'min_samples_leaf': 1, 'min_samples_split': 10, 'n_estimators': 100}",0.8255208333333334,0.816220238095238,0.7821800595238095,0.7425595238095238,0.8255208333333333,0.7984002976190476,0.03215551379451826,23.0,Random Forest,,log2,1.0,10.0,100.0,,,,
0.7640361785888672,0.09947776696423924,0.09919357299804688,0.02626581509775863,,,"{'max_depth': None, 'max_features': 'log2', 'min_samples_leaf': 1, 'min_samples_split': 10, 'n_estimators': 200}",0.8292410714285715,0.8149181547619049,0.7866443452380952,0.7390252976190477,0.8236607142857143,0.7986979166666668,0.03324223740914968,18.0,Random Forest,,log2,1.0,10.0,200.0,,,,
0.9431021213531494,0.16217908016856605,0.10161051750183106,0.006466272956617321,,,"{'max_depth': None, 'max_features': 'log2', 'min_samples_leaf': 1, 'min_samples_split': 10, 'n_estimators': 300}",0.8297991071428571,0.8139880952380952,0.7829241071428571,0.7367931547619048,0.8262648809523809,0.797953869047619,0.03475415287068275,44.0,Random Forest,,log2,1.0,10.0,300.0,,,,
1.4594576358795166,0.06824845624249819,0.14559526443481446,0.015245252970639505,,,"{'max_depth': None, 'max_features': 'log2', 'min_samples_leaf': 1, 'min_samples_split': 10, 'n_estimators': 500}",0.8284970238095238,0.8152901785714286,0.7853422619047619,0.7310267857142857,0.8270089285714286,0.7974330357142858,0.03664576154502529,69.0,Random Forest,,log2,1.0,10.0,500.0,,,,
0.2937863826751709,0.03610700790714324,0.07742829322814941,0.013577612533384235,,,"{'max_depth': None, 'max_features': 'log2', 'min_samples_leaf': 2, 'min_samples_split': 2, 'n_estimators': 100}",0.8253348214285714,0.8076636904761906,0.7912946428571428,0.7399553571428572,0.8178943452380952,0.7964285714285715,0.030457051034711285,91.0,Random Forest,,log2,2.0,2.0,100.0,,,,
0.7056410789489747,0.08854522990844844,0.09010481834411621,0.01608345069404094,,,"{'max_depth': None, 'max_features': 'log2', 'min_samples_leaf': 2, 'min_samples_split': 2, 'n_estimators': 200}",0.8325892857142858,0.8212425595238095,0.7950148809523809,0.7423735119047619,0.8180803571428571,0.801860119047619,0.032151424605003705,4.0,Random Forest,,log2,2.0,2.0,200.0,,,,
0.942445945739746,0.1535559884990037,0.10165286064147949,0.014130763585110631,,,"{'max_depth': None, 'max_features': 'log2', 'min_samples_leaf': 2, 'min_samples_split': 2, 'n_estimators': 300}",0.8337053571428571,0.8117559523809523,0.7868303571428571,0.7433035714285715,0.8223586309523808,0.7995907738095238,0.03212864475803627,9.0,Random Forest,,log2,2.0,2.0,300.0,,,,
1.4786794185638428,0.10419217928809267,0.17049674987792968,0.03508699651869784,,,"{'max_depth': None, 'max_features': 'log2', 'min_samples_leaf': 2, 'min_samples_split': 2, 'n_estimators': 500}",0.8292410714285714,0.8175223214285714,0.7832961309523809,0.7377232142857143,0.8288690476190477,0.7993303571428572,0.035073263575693334,12.0,Random Forest,,log2,2.0,2.0,500.0,,,,
0.3118349552154541,0.02357619095968935,0.08961849212646485,0.008581431201364509,,,"{'max_depth': None, 'max_features': 'log2', 'min_samples_leaf': 2, 'min_samples_split': 5, 'n_estimators': 100}",0.8191964285714286,0.8238467261904762,0.7857142857142857,0.7245163690476191,0.814360119047619,0.7935267857142857,0.03697493718027852,165.0,Random Forest,,log2,2.0,5.0,100.0,,,,
0.7399481296539306,0.09089497613266782,0.09820661544799805,0.025741046169893193,,,"{'max_depth': None, 'max_features': 'log2', 'min_samples_leaf': 2, 'min_samples_split': 5, 'n_estimators': 200}",0.8318452380952381,0.8169642857142857,0.7853422619047619,0.7297247023809524,0.8253348214285714,0.7978422619047618,0.037613686150208735,51.0,Random Forest,,log2,2.0,5.0,200.0,,,,
0.9255304336547852,0.12685547998892646,0.1263059616088867,0.024158523754218137,,,"{'max_depth': None, 'max_features': 'log2', 'min_samples_leaf': 2, 'min_samples_split': 5, 'n_estimators': 300}",0.8353794642857143,0.8178943452380952,0.781063988095238,0.7274925595238095,0.8238467261904762,0.7971354166666667,0.03928219117499774,74.0,Random Forest,,log2,2.0,5.0,300.0,,,,
1.483195686340332,0.05922462737614675,0.15902214050292968,0.03031728726559208,,,"{'max_depth': None, 'max_features': 'log2', 'min_samples_leaf': 2, 'min_samples_split': 5, 'n_estimators': 500}",0.8324032738095238,0.8210565476190476,0.7868303571428571,0.7293526785714286,0.8231026785714286,0.7985491071428571,0.03789734074043976,21.0,Random Forest,,log2,2.0,5.0,500.0,,,,
0.3320899963378906,0.025033453781371055,0.07471261024475098,0.012946216550111942,,,"{'max_depth': None, 'max_features': 'log2', 'min_samples_leaf': 2, 'min_samples_split': 10, 'n_estimators': 100}",0.8249627976190476,0.841703869047619,0.7801339285714286,0.7273065476190477,0.8385416666666666,0.8025297619047619,0.04357709114786778,1.0,Random Forest,,log2,2.0,10.0,100.0,,,,
0.7875767707824707,0.10882074700356092,0.09811339378356934,0.021676063441407836,,,"{'max_depth': None, 'max_features': 'log2', 'min_samples_leaf': 2, 'min_samples_split': 10, 'n_estimators': 200}",0.8355654761904762,0.8238467261904762,0.7911086309523809,0.7256324404761905,0.8294270833333333,0.8011160714285713,0.040750177805908415,5.0,Random Forest,,log2,2.0,10.0,200.0,,,,
0.9074808120727539,0.14726579367312137,0.1451138973236084,0.017998968805215867,,,"{'max_depth': None, 'max_features': 'log2', 'min_samples_leaf': 2, 'min_samples_split': 10, 'n_estimators': 300}",0.8320312499999999,0.8175223214285714,0.7868303571428571,0.7247023809523809,0.8303571428571428,0.7982886904761904,0.04020725524840336,26.0,Random Forest,,log2,2.0,10.0,300.0,,,,
1.4401669025421142,0.12967375952308077,0.1448739528656006,0.013973472803054526,,,"{'max_depth': None, 'max_features': 'log2', 'min_samples_leaf': 2, 'min_samples_split': 10, 'n_estimators': 500}",0.8297991071428571,0.8177083333333334,0.7844122023809523,0.7271205357142856,0.83203125,0.7982142857142857,0.039410721140706144,29.0,Random Forest,,log2,2.0,10.0,500.0,,,,
0.3325016975402832,0.05996620318864739,0.05955495834350586,0.01182324175673834,,,"{'max_depth': None, 'max_features': 'log2', 'min_samples_leaf': 4, 'min_samples_split': 2, 'n_estimators': 100}",0.8290550595238095,0.822358630952381,0.7797619047619048,0.7103794642857142,0.8154761904761905,0.79140625,0.04394490996445779,204.0,Random Forest,,log2,4.0,2.0,100.0,,,,
0.7096658706665039,0.07661274671573763,0.08971505165100098,0.00958981383750349,,,"{'max_depth': None, 'max_features': 'log2', 'min_samples_leaf': 4, 'min_samples_split': 2, 'n_estimators': 200}",0.8245907738095238,0.8292410714285715,0.7803199404761905,0.7213541666666667,0.8216145833333334,0.7954241071428572,0.04097490572013672,121.0,Random Forest,,log2,4.0,2.0,200.0,,,,
0.8909448146820068,0.1786575256234789,0.12720417976379395,0.02477063368506899,,,"{'max_depth': None, 'max_features': 'log2', 'min_samples_leaf': 4, 'min_samples_split': 2, 'n_estimators': 300}",0.8294270833333334,0.822172619047619,0.7771577380952381,0.7235863095238095,0.8218005952380952,0.7948288690476191,0.04014962581682787,139.0,Random Forest,,log2,4.0,2.0,300.0,,,,
1.4370429515838623,0.11255673520772623,0.13439059257507324,0.003986475269194961,,,"{'max_depth': None, 'max_features': 'log2', 'min_samples_leaf': 4, 'min_samples_split': 2, 'n_estimators': 500}",0.8268229166666667,0.824032738095238,0.7859002976190477,0.7193080357142857,0.820126488095238,0.7952380952380953,0.0407399874929293,126.0,Random Forest,,log2,4.0,2.0,500.0,,,,
0.3519279956817627,0.07287178165802959,0.08842535018920898,0.02750164735941165,,,"{'max_depth': None, 'max_features': 'log2', 'min_samples_leaf': 4, 'min_samples_split': 5, 'n_estimators': 100}",0.8290550595238095,0.822358630952381,0.7797619047619048,0.7103794642857142,0.8154761904761905,0.79140625,0.04394490996445779,204.0,Random Forest,,log2,4.0,5.0,100.0,,,,
0.7199981212615967,0.055360628286338545,0.08260879516601563,0.01310371882026868,,,"{'max_depth': None, 'max_features': 'log2', 'min_samples_leaf': 4, 'min_samples_split': 5, 'n_estimators': 200}",0.8245907738095238,0.8292410714285715,0.7803199404761905,0.7213541666666667,0.8216145833333334,0.7954241071428572,0.04097490572013672,121.0,Random Forest,,log2,4.0,5.0,200.0,,,,
0.8577951431274414,0.10736362562211323,0.10273270606994629,0.013751948993635243,,,"{'max_depth': None, 'max_features': 'log2', 'min_samples_leaf': 4, 'min_samples_split': 5, 'n_estimators': 300}",0.8294270833333334,0.822172619047619,0.7771577380952381,0.7235863095238095,0.8218005952380952,0.7948288690476191,0.04014962581682787,139.0,Random Forest,,log2,4.0,5.0,300.0,,,,
1.4852325916290283,0.10827339243639493,0.14839372634887696,0.013841206650730794,,,"{'max_depth': None, 'max_features': 'log2', 'min_samples_leaf': 4, 'min_samples_split': 5, 'n_estimators': 500}",0.8268229166666667,0.824032738095238,0.7859002976190477,0.7193080357142857,0.820126488095238,0.7952380952380953,0.0407399874929293,126.0,Random Forest,,log2,4.0,5.0,500.0,,,,
0.34792728424072267,0.020010580947154938,0.06192946434020996,0.011389410055005354,,,"{'max_depth': None, 'max_features': 'log2', 'min_samples_leaf': 4, 'min_samples_split': 10, 'n_estimators': 100}",0.8342633928571428,0.8281249999999999,0.7756696428571428,0.7289806547619048,0.8229166666666666,0.7979910714285714,0.04026339288464209,37.0,Random Forest,,log2,4.0,10.0,100.0,,,,
0.6805241107940674,0.062354070353410375,0.09401683807373047,0.007041102840261371,,,"{'max_depth': None, 'max_features': 'log2', 'min_samples_leaf': 4, 'min_samples_split': 10, 'n_estimators': 200}",0.8253348214285714,0.8290550595238095,0.779203869047619,0.7202380952380953,0.8249627976190477,0.7957589285714286,0.04198499256935447,110.0,Random Forest,,log2,4.0,10.0,200.0,,,,
0.9031662940979004,0.13849589896452996,0.11878619194030762,0.01763361671616737,,,"{'max_depth': None, 'max_features': 'log2', 'min_samples_leaf': 4, 'min_samples_split': 10, 'n_estimators': 300}",0.8296130952380953,0.828125,0.7818080357142857,0.7265625,0.8236607142857143,0.7979538690476191,0.039826777792188905,40.0,Random Forest,,log2,4.0,10.0,300.0,,,,
1.420804786682129,0.06354840289395937,0.13184103965759278,0.017030150072424997,,,"{'max_depth': None, 'max_features': 'log2', 'min_samples_leaf': 4, 'min_samples_split': 10, 'n_estimators': 500}",0.8292410714285715,0.8268229166666666,0.7892485119047619,0.7213541666666666,0.8273809523809524,0.7988095238095239,0.04151602365169813,17.0,Random Forest,,log2,4.0,10.0,500.0,,,,
0.3604264736175537,0.044288971336423975,0.06287331581115722,0.014021081511762769,,,"{'max_depth': 5, 'max_features': 'sqrt', 'min_samples_leaf': 1, 'min_samples_split': 2, 'n_estimators': 100}",0.8216145833333333,0.8245907738095237,0.773251488095238,0.6968005952380952,0.8082217261904762,0.7848958333333333,0.04767476047057676,280.0,Random Forest,5,sqrt,1.0,2.0,100.0,,,,
0.7434680938720704,0.09480128294966642,0.08495426177978516,0.012494702076907546,,,"{'max_depth': 5, 'max_features': 'sqrt', 'min_samples_leaf': 1, 'min_samples_split': 2, 'n_estimators': 200}",0.8275669642857143,0.824032738095238,0.7788318452380952,0.6964285714285714,0.8136160714285714,0.788095238095238,0.04896819832041454,254.0,Random Forest,5,sqrt,1.0,2.0,200.0,,,,
0.8782121181488037,0.13373342761570114,0.13899507522583007,0.03605655964655518,,,"{'max_depth': 5, 'max_features': 'sqrt', 'min_samples_leaf': 1, 'min_samples_split': 2, 'n_estimators': 300}",0.8284970238095238,0.8240327380952381,0.7730654761904762,0.6988467261904762,0.8089657738095237,0.7866815476190476,0.04804286725929302,270.0,Random Forest,5,sqrt,1.0,2.0,300.0,,,,
1.4036366939544678,0.16137762849427242,0.15554065704345704,0.017942959578368847,,,"{'max_depth': 5, 'max_features': 'sqrt', 'min_samples_leaf': 1, 'min_samples_split': 2, 'n_estimators': 500}",0.8271949404761905,0.8195684523809524,0.7730654761904762,0.6979166666666666,0.8117559523809523,0.7859002976190477,0.04777689611853296,274.0,Random Forest,5,sqrt,1.0,2.0,500.0,,,,
0.32438364028930666,0.05616862770077442,0.0831413745880127,0.011324453961545966,,,"{'max_depth': 5, 'max_features': 'sqrt', 'min_samples_leaf': 1, 'min_samples_split': 5, 'n_estimators': 100}",0.8219866071428571,0.8299851190476191,0.7725074404761905,0.6921502976190477,0.8059895833333333,0.7845238095238095,0.05021599374903324,281.0,Random Forest,5,sqrt,1.0,5.0,100.0,,,,
0.7204647541046143,0.04815826593940992,0.08262090682983399,0.008249214693570792,,,"{'max_depth': 5, 'max_features': 'sqrt', 'min_samples_leaf': 1, 'min_samples_split': 5, 'n_estimators': 200}",0.8275669642857143,0.8288690476190477,0.7799479166666666,0.699404761904762,0.8108258928571428,0.7893229166666667,0.04829502421041919,239.0,Random Forest,5,sqrt,1.0,5.0,200.0,,,,
0.8377316474914551,0.11799476499897972,0.10481023788452148,0.006971146983777971,,,"{'max_depth': 5, 'max_features': 'sqrt', 'min_samples_leaf': 1, 'min_samples_split': 5, 'n_estimators': 300}",0.8311011904761906,0.8238467261904762,0.7730654761904762,0.7014508928571429,0.8071056547619048,0.787313988095238,0.04736910666224674,265.0,Random Forest,5,sqrt,1.0,5.0,300.0,,,,
1.4173863410949707,0.10321367820662541,0.14249830245971679,0.010242113015992203,,,"{'max_depth': 5, 'max_features': 'sqrt', 'min_samples_leaf': 1, 'min_samples_split': 5, 'n_estimators': 500}",0.8258928571428572,0.8231026785714285,0.7736235119047619,0.6982886904761905,0.808779761904762,0.7859375,0.04760965890517572,273.0,Random Forest,5,sqrt,1.0,5.0,500.0,,,,
0.3030022144317627,0.04473366741068565,0.07544684410095215,0.02018057496480205,,,"{'max_depth': 5, 'max_features': 'sqrt', 'min_samples_leaf': 1, 'min_samples_split': 10, 'n_estimators': 100}",0.8249627976190476,0.822172619047619,0.7710193452380952,0.6968005952380952,0.8024553571428572,0.7834821428571429,0.047426980822692734,283.0,Random Forest,5,sqrt,1.0,10.0,100.0,,,,
0.6675635814666748,0.06839992981125491,0.08469200134277344,0.00957440979553467,,,"{'max_depth': 5, 'max_features': 'sqrt', 'min_samples_leaf': 1, 'min_samples_split': 10, 'n_estimators': 200}",0.8266369047619048,0.8232886904761906,0.7788318452380952,0.7014508928571429,0.8097098214285714,0.787983630952381,0.04644183480613301,256.0,Random Forest,5,sqrt,1.0,10.0,200.0,,,,
0.8844204902648926,0.14679835436071692,0.09269356727600098,0.01250268061591623,,,"{'max_depth': 5, 'max_features': 'sqrt', 'min_samples_leaf': 1, 'min_samples_split': 10, 'n_estimators': 300}",0.8307291666666666,0.8195684523809524,0.7762276785714286,0.7038690476190477,0.8084077380952381,0.7877604166666666,0.04572776474614888,258.0,Random Forest,5,sqrt,1.0,10.0,300.0,,,,
1.4214779376983642,0.09718208994872393,0.12965788841247558,0.021719140715983132,,,"{'max_depth': 5, 'max_features': 'sqrt', 'min_samples_leaf': 1, 'min_samples_split': 10, 'n_estimators': 500}",0.8251488095238095,0.8225446428571428,0.7769717261904762,0.7023809523809524,0.8117559523809523,0.7877604166666666,0.046021014352646356,258.0,Random Forest,5,sqrt,1.0,10.0,500.0,,,,
0.2708614349365234,0.018162600803009465,0.06234421730041504,0.014311478588944528,,,"{'max_depth': 5, 'max_features': 'sqrt', 'min_samples_leaf': 2, 'min_samples_split': 2, 'n_estimators': 100}",0.8184523809523809,0.8268229166666667,0.7736235119047619,0.7090773809523809,0.8065476190476191,0.7869047619047619,0.042913974440439116,267.0,Random Forest,5,sqrt,2.0,2.0,100.0,,,,
0.6611875534057617,0.07255432103319445,0.07670736312866211,0.010462790652055439,,,"{'max_depth': 5, 'max_features': 'sqrt', 'min_samples_leaf': 2, 'min_samples_split': 2, 'n_estimators': 200}",0.8275669642857142,0.8273809523809523,0.7782738095238095,0.7036830357142857,0.8115699404761905,0.7896949404761905,0.0466080063909998,234.0,Random Forest,5,sqrt,2.0,2.0,200.0,,,,
0.8435777187347412,0.16014456262758797,0.11615805625915528,0.019355700331643123,,,"{'max_depth': 5, 'max_features': 'sqrt', 'min_samples_leaf': 2, 'min_samples_split': 2, 'n_estimators': 300}",0.8257068452380952,0.8229166666666666,0.7723214285714286,0.7055431547619047,0.8125,0.787797619047619,0.045356309213452024,257.0,Random Forest,5,sqrt,2.0,2.0,300.0,,,,
1.4033944606781006,0.15539939553132753,0.12903528213500975,0.010696320754443482,,,"{'max_depth': 5, 'max_features': 'sqrt', 'min_samples_leaf': 2, 'min_samples_split': 2, 'n_estimators': 500}",0.8231026785714286,0.8206845238095238,0.7747395833333333,0.6997767857142857,0.816592261904762,0.7869791666666666,0.04705732093092279,266.0,Random Forest,5,sqrt,2.0,2.0,500.0,,,,
0.3393683910369873,0.06918473067399092,0.08191423416137696,0.011531357123183292,,,"{'max_depth': 5, 'max_features': 'sqrt', 'min_samples_leaf': 2, 'min_samples_split': 5, 'n_estimators': 100}",0.8199404761904762,0.8273809523809523,0.7706473214285714,0.7020089285714286,0.8061755952380952,0.7852306547619048,0.045953539897950105,278.0,Random Forest,5,sqrt,2.0,5.0,100.0,,,,
0.6814974784851074,0.0889489174358228,0.07938885688781738,0.00418702808230003,,,"{'max_depth': 5, 'max_features': 'sqrt', 'min_samples_leaf': 2, 'min_samples_split': 5, 'n_estimators': 200}",0.827938988095238,0.8251488095238094,0.7795758928571429,0.7051711309523809,0.8110119047619048,0.7897693452380952,0.04565224812839544,232.0,Random Forest,5,sqrt,2.0,5.0,200.0,,,,
0.8464015483856201,0.0750954929260818,0.08491649627685546,0.00817297225875898,,,"{'max_depth': 5, 'max_features': 'sqrt', 'min_samples_leaf': 2, 'min_samples_split': 5, 'n_estimators': 300}",0.8264508928571428,0.8247767857142857,0.7754836309523809,0.7051711309523809,0.8111979166666667,0.7886160714285714,0.04557308369745873,249.0,Random Forest,5,sqrt,2.0,5.0,300.0,,,,
1.4006614208221435,0.046906609424105634,0.14250741004943848,0.030841671060146462,,,"{'max_depth': 5, 'max_features': 'sqrt', 'min_samples_leaf': 2, 'min_samples_split': 5, 'n_estimators': 500}",0.8271949404761905,0.8221726190476191,0.7764136904761905,0.6982886904761905,0.8134300595238094,0.7875,0.04802459953762984,262.0,Random Forest,5,sqrt,2.0,5.0,500.0,,,,
0.3133718967437744,0.04774903521345394,0.04903855323791504,0.006153671310579043,,,"{'max_depth': 5, 'max_features': 'sqrt', 'min_samples_leaf': 2, 'min_samples_split': 10, 'n_estimators': 100}",0.8270089285714286,0.8178943452380951,0.781063988095238,0.7018229166666666,0.8046875,0.7864955357142857,0.04507132554252997,271.0,Random Forest,5,sqrt,2.0,10.0,100.0,,,,
0.6745694637298584,0.09614046250292961,0.08114027976989746,0.002250899792250836,,,"{'max_depth': 5, 'max_features': 'sqrt', 'min_samples_leaf': 2, 'min_samples_split': 10, 'n_estimators': 200}",0.8324032738095237,0.8175223214285714,0.7838541666666666,0.7027529761904762,0.8138020833333334,0.7900669642857143,0.046415184988305096,228.0,Random Forest,5,sqrt,2.0,10.0,200.0,,,,
0.8539577007293702,0.1541464107371857,0.09458260536193848,0.00825043505052845,,,"{'max_depth': 5, 'max_features': 'sqrt', 'min_samples_leaf': 2, 'min_samples_split': 10, 'n_estimators': 300}",0.8337053571428571,0.8173363095238094,0.7801339285714286,0.706845238095238,0.8098958333333334,0.7895833333333333,0.044865269380022124,235.0,Random Forest,5,sqrt,2.0,10.0,300.0,,,,
1.4010868549346924,0.12437045946544163,0.1296297073364258,0.00331713376184937,,,"{'max_depth': 5, 'max_features': 'sqrt', 'min_samples_leaf': 2, 'min_samples_split': 10, 'n_estimators': 500}",0.8266369047619047,0.8214285714285714,0.7806919642857143,0.7021949404761906,0.812313988095238,0.7886532738095238,0.04607652679394503,247.0,Random Forest,5,sqrt,2.0,10.0,500.0,,,,
0.2864121913909912,0.027107706897399827,0.06932220458984376,0.0250558161725506,,,"{'max_depth': 5, 'max_features': 'sqrt', 'min_samples_leaf': 4, 'min_samples_split': 2, 'n_estimators': 100}",0.8204985119047619,0.8206845238095238,0.7795758928571428,0.7064732142857143,0.8100818452380952,0.7874627976190476,0.043193005683479266,263.0,Random Forest,5,sqrt,4.0,2.0,100.0,,,,
0.6632802486419678,0.06177045321781308,0.0684687614440918,0.004231309803426067,,,"{'max_depth': 5, 'max_features': 'sqrt', 'min_samples_leaf': 4, 'min_samples_split': 2, 'n_estimators': 200}",0.8309151785714286,0.8255208333333334,0.7779017857142857,0.7053571428571429,0.8178943452380952,0.7915178571428572,0.04693215643280616,201.0,Random Forest,5,sqrt,4.0,2.0,200.0,,,,
0.8903416156768799,0.11768200863945147,0.08773069381713867,0.01805508138120367,,,"{'max_depth': 5, 'max_features': 'sqrt', 'min_samples_leaf': 4, 'min_samples_split': 2, 'n_estimators': 300}",0.8305431547619048,0.82421875,0.779203869047619,0.7044270833333334,0.8138020833333333,0.7904389880952382,0.04651779525785725,221.0,Random Forest,5,sqrt,4.0,2.0,300.0,,,,
1.4149272441864014,0.06975512640517546,0.1341465473175049,0.014645443952546687,,,"{'max_depth': 5, 'max_features': 'sqrt', 'min_samples_leaf': 4, 'min_samples_split': 2, 'n_estimators': 500}",0.8266369047619048,0.8275669642857143,0.7797619047619047,0.6992187500000001,0.8156622023809523,0.7897693452380953,0.04849304313979235,230.0,Random Forest,5,sqrt,4.0,2.0,500.0,,,,
0.2917210578918457,0.035041152063916906,0.052855634689331056,0.0022152728786193152,,,"{'max_depth': 5, 'max_features': 'sqrt', 'min_samples_leaf': 4, 'min_samples_split': 5, 'n_estimators': 100}",0.8204985119047619,0.8206845238095238,0.7795758928571428,0.7064732142857143,0.8100818452380952,0.7874627976190476,0.043193005683479266,263.0,Random Forest,5,sqrt,4.0,5.0,100.0,,,,
0.7107622146606445,0.05739344867050719,0.0724489688873291,0.008341000414054008,,,"{'max_depth': 5, 'max_features': 'sqrt', 'min_samples_leaf': 4, 'min_samples_split': 5, 'n_estimators': 200}",0.8309151785714286,0.8255208333333334,0.7779017857142857,0.7053571428571429,0.8178943452380952,0.7915178571428572,0.04693215643280616,201.0,Random Forest,5,sqrt,4.0,5.0,200.0,,,,
0.8972224712371826,0.13225827646416005,0.10842308998107911,0.013811035000791403,,,"{'max_depth': 5, 'max_features': 'sqrt', 'min_samples_leaf': 4, 'min_samples_split': 5, 'n_estimators': 300}",0.8305431547619048,0.82421875,0.779203869047619,0.7044270833333334,0.8138020833333333,0.7904389880952382,0.04651779525785725,221.0,Random Forest,5,sqrt,4.0,5.0,300.0,,,,
1.386488437652588,0.05910402961060436,0.12386860847473144,0.007702042751149727,,,"{'max_depth': 5, 'max_features': 'sqrt', 'min_samples_leaf': 4, 'min_samples_split': 5, 'n_estimators': 500}",0.8266369047619048,0.8275669642857143,0.7797619047619047,0.6992187500000001,0.8156622023809523,0.7897693452380953,0.04849304313979235,230.0,Random Forest,5,sqrt,4.0,5.0,500.0,,,,
0.27312507629394533,0.013424293567264224,0.05619807243347168,0.0044004819408162915,,,"{'max_depth': 5, 'max_features': 'sqrt', 'min_samples_leaf': 4, 'min_samples_split': 10, 'n_estimators': 100}",0.8195684523809523,0.8188244047619048,0.7896205357142857,0.7074032738095238,0.8076636904761906,0.7886160714285715,0.04202364221815137,248.0,Random Forest,5,sqrt,4.0,10.0,100.0,,,,
0.6276946544647217,0.0412554186891036,0.07776832580566406,0.013138507913204207,,,"{'max_depth': 5, 'max_features': 'sqrt', 'min_samples_leaf': 4, 'min_samples_split': 10, 'n_estimators': 200}",0.8268229166666667,0.8195684523809523,0.785342261904762,0.7066592261904762,0.8152901785714286,0.7907366071428571,0.04434970090798624,214.0,Random Forest,5,sqrt,4.0,10.0,200.0,,,,
0.8839191913604736,0.1669429660197829,0.10001974105834961,0.028103860826653896,,,"{'max_depth': 5, 'max_features': 'sqrt', 'min_samples_leaf': 4, 'min_samples_split': 10, 'n_estimators': 300}",0.8283110119047619,0.8214285714285714,0.7777157738095237,0.7044270833333334,0.8093377976190476,0.7882440476190475,0.04536000129647497,253.0,Random Forest,5,sqrt,4.0,10.0,300.0,,,,
1.3954766273498536,0.09947629661327269,0.13265953063964844,0.017484868943924824,,,"{'max_depth': 5, 'max_features': 'sqrt', 'min_samples_leaf': 4, 'min_samples_split': 10, 'n_estimators': 500}",0.826078869047619,0.82421875,0.7851562500000001,0.7007068452380952,0.8143601190476191,0.7901041666666667,0.047037640653535474,227.0,Random Forest,5,sqrt,4.0,10.0,500.0,,,,
0.3041565418243408,0.05076966207669345,0.05488424301147461,0.008268670362120858,,,"{'max_depth': 5, 'max_features': 'log2', 'min_samples_leaf': 1, 'min_samples_split': 2, 'n_estimators': 100}",0.8167782738095237,0.8212425595238095,0.78125,0.7118675595238095,0.8108258928571429,0.788392857142857,0.04073135770156188,251.0,Random Forest,5,log2,1.0,2.0,100.0,,,,
0.6615253925323487,0.1208894762133029,0.07011523246765136,0.006647427210633627,,,"{'max_depth': 5, 'max_features': 'log2', 'min_samples_leaf': 1, 'min_samples_split': 2, 'n_estimators': 200}",0.8270089285714286,0.8158482142857142,0.7743675595238095,0.7090773809523809,0.8154761904761905,0.7883556547619047,0.04351126605696949,252.0,Random Forest,5,log2,1.0,2.0,200.0,,,,
0.9014780521392822,0.1352267015356554,0.09624805450439453,0.00549095567545221,,,"{'max_depth': 5, 'max_features': 'log2', 'min_samples_leaf': 1, 'min_samples_split': 2, 'n_estimators': 300}",0.824032738095238,0.8245907738095237,0.7756696428571428,0.7098214285714285,0.8190104166666666,0.7906249999999999,0.04433590530787138,216.0,Random Forest,5,log2,1.0,2.0,300.0,,,,
1.3852094650268554,0.049931039055349465,0.13844699859619142,0.014041990908875592,,,"{'max_depth': 5, 'max_features': 'log2', 'min_samples_leaf': 1, 'min_samples_split': 2, 'n_estimators': 500}",0.8253348214285714,0.8227306547619048,0.7756696428571428,0.7038690476190476,0.8186383928571429,0.7892485119047619,0.04639198063044386,241.0,Random Forest,5,log2,1.0,2.0,500.0,,,,
0.26856842041015627,0.01915378490249647,0.062267112731933597,0.011430667014947334,,,"{'max_depth': 5, 'max_features': 'log2', 'min_samples_leaf': 1, 'min_samples_split': 5, 'n_estimators': 100}",0.8337053571428572,0.8197544642857143,0.7706473214285714,0.7139136904761905,0.8138020833333334,0.7903645833333335,0.04364633688805683,224.0,Random Forest,5,log2,1.0,5.0,100.0,,,,
0.6658453941345215,0.029903484041589427,0.09099421501159669,0.017457564334278974,,,"{'max_depth': 5, 'max_features': 'log2', 'min_samples_leaf': 1, 'min_samples_split': 5, 'n_estimators': 200}",0.8297991071428572,0.8191964285714286,0.7667410714285714,0.7088913690476191,0.8178943452380952,0.7885044642857143,0.045437648497372814,250.0,Random Forest,5,log2,1.0,5.0,200.0,,,,
0.9006145000457764,0.14435530089815393,0.09857125282287597,0.017600512433767656,,,"{'max_depth': 5, 'max_features': 'log2', 'min_samples_leaf': 1, 'min_samples_split': 5, 'n_estimators': 300}",0.8273809523809523,0.8191964285714286,0.765438988095238,0.7114955357142857,0.8232886904761905,0.7893601190476189,0.04499344604775216,238.0,Random Forest,5,log2,1.0,5.0,300.0,,,,
1.3901380538940429,0.09545185915894358,0.1318816661834717,0.018962885768457092,,,"{'max_depth': 5, 'max_features': 'log2', 'min_samples_leaf': 1, 'min_samples_split': 5, 'n_estimators': 500}",0.8270089285714285,0.8264508928571428,0.7732514880952381,0.7051711309523809,0.820126488095238,0.7904017857142857,0.0470777573492229,223.0,Random Forest,5,log2,1.0,5.0,500.0,,,,
0.2802938461303711,0.038935408897699655,0.050940513610839844,0.004774085979097391,,,"{'max_depth': 5, 'max_features': 'log2', 'min_samples_leaf': 1, 'min_samples_split': 10, 'n_estimators': 100}",0.8231026785714285,0.8106398809523809,0.7620907738095237,0.7092633928571428,0.8078497023809523,0.7825892857142855,0.042102577350535485,284.0,Random Forest,5,log2,1.0,10.0,100.0,,,,
0.5565113067626953,0.026794408485621056,0.07627010345458984,0.004821624741184096,,,"{'max_depth': 5, 'max_features': 'log2', 'min_samples_leaf': 1, 'min_samples_split': 10, 'n_estimators': 200}",0.8238467261904762,0.8111979166666666,0.7734375,0.7094494047619048,0.8138020833333334,0.7863467261904762,0.04208913034894316,272.0,Random Forest,5,log2,1.0,10.0,200.0,,,,
0.8506847381591797,0.18119475249063477,0.11269493103027343,0.0049781620693982506,,,"{'max_depth': 5, 'max_features': 'log2', 'min_samples_leaf': 1, 'min_samples_split': 10, 'n_estimators': 300}",0.8221726190476191,0.816220238095238,0.7730654761904762,0.7193080357142857,0.8151041666666666,0.7891741071428571,0.039073056963469355,242.0,Random Forest,5,log2,1.0,10.0,300.0,,,,
1.37188777923584,0.1690472621131404,0.13420987129211426,0.012302332497204319,,,"{'max_depth': 5, 'max_features': 'log2', 'min_samples_leaf': 1, 'min_samples_split': 10, 'n_estimators': 500}",0.8225446428571429,0.8219866071428571,0.7758556547619048,0.7092633928571428,0.8162202380952381,0.7891741071428571,0.04355421780052657,242.0,Random Forest,5,log2,1.0,10.0,500.0,,,,
0.3546318531036377,0.055358583924396035,0.0680191993713379,0.013364934625668921,,,"{'max_depth': 5, 'max_features': 'log2', 'min_samples_leaf': 2, 'min_samples_split': 2, 'n_estimators': 100}",0.829985119047619,0.8180803571428571,0.7775297619047619,0.7174479166666666,0.8149181547619048,0.7915922619047618,0.04102405582960564,198.0,Random Forest,5,log2,2.0,2.0,100.0,,,,
0.6591329097747802,0.08092296653786477,0.08537712097167968,0.016800731678414775,,,"{'max_depth': 5, 'max_features': 'log2', 'min_samples_leaf': 2, 'min_samples_split': 2, 'n_estimators': 200}",0.8322172619047619,0.8165922619047619,0.7738095238095238,0.7116815476190476,0.8216145833333334,0.7911830357142857,0.044447364624694,210.0,Random Forest,5,log2,2.0,2.0,200.0,,,,
0.8345278739929199,0.09845192281505857,0.08678503036499023,0.006302530657245571,,,"{'max_depth': 5, 'max_features': 'log2', 'min_samples_leaf': 2, 'min_samples_split': 2, 'n_estimators': 300}",0.8307291666666666,0.8229166666666666,0.7708333333333334,0.7137276785714286,0.8212425595238095,0.7918898809523809,0.04446445628712419,194.0,Random Forest,5,log2,2.0,2.0,300.0,,,,
1.3596618175506592,0.07788893015033782,0.1259838104248047,0.016474193549006748,,,"{'max_depth': 5, 'max_features': 'log2', 'min_samples_leaf': 2, 'min_samples_split': 2, 'n_estimators': 500}",0.8275669642857143,0.8229166666666666,0.7762276785714286,0.7098214285714286,0.8204985119047618,0.79140625,0.044795837835761895,204.0,Random Forest,5,log2,2.0,2.0,500.0,,,,
0.3015871524810791,0.033806696247531534,0.0562586784362793,0.00692445109131323,,,"{'max_depth': 5, 'max_features': 'log2', 'min_samples_leaf': 2, 'min_samples_split': 5, 'n_estimators': 100}",0.8262648809523809,0.8212425595238095,0.7704613095238095,0.7150297619047619,0.8171502976190477,0.7900297619047618,0.04249863615133597,229.0,Random Forest,5,log2,2.0,5.0,100.0,,,,
0.6735487461090088,0.04093885724650456,0.07187867164611816,0.012097767360439951,,,"{'max_depth': 5, 'max_features': 'log2', 'min_samples_leaf': 2, 'min_samples_split': 5, 'n_estimators': 200}",0.8294270833333334,0.8165922619047619,0.7710193452380952,0.7077752976190476,0.8186383928571429,0.7886904761904762,0.04515394448464805,246.0,Random Forest,5,log2,2.0,5.0,200.0,,,,
0.8293405532836914,0.15058657098736303,0.10131363868713379,0.010184025207837705,,,"{'max_depth': 5, 'max_features': 'log2', 'min_samples_leaf': 2, 'min_samples_split': 5, 'n_estimators': 300}",0.8286830357142857,0.8177083333333334,0.7669270833333333,0.7122395833333333,0.8214285714285714,0.7893973214285713,0.044337590973355566,236.0,Random Forest,5,log2,2.0,5.0,300.0,,,,
1.4143123626708984,0.14736703532402767,0.13845667839050294,0.015450257914232624,,,"{'max_depth': 5, 'max_features': 'log2', 'min_samples_leaf': 2, 'min_samples_split': 5, 'n_estimators': 500}",0.8273809523809524,0.826078869047619,0.7756696428571428,0.7092633928571428,0.8199404761904762,0.7916666666666667,0.045398948197216536,197.0,Random Forest,5,log2,2.0,5.0,500.0,,,,
0.29797701835632323,0.020645936099779803,0.061337518692016604,0.01938763470082256,,,"{'max_depth': 5, 'max_features': 'log2', 'min_samples_leaf': 2, 'min_samples_split': 10, 'n_estimators': 100}",0.828125,0.8097098214285714,0.7734375,0.7055431547619048,0.8113839285714285,0.7856398809523808,0.043844012157120485,276.0,Random Forest,5,log2,2.0,10.0,100.0,,,,
0.6558598518371582,0.07986224938103446,0.07117228507995606,0.00868233033915578,,,"{'max_depth': 5, 'max_features': 'log2', 'min_samples_leaf': 2, 'min_samples_split': 10, 'n_estimators': 200}",0.8271949404761905,0.8110119047619048,0.7754836309523809,0.7090773809523809,0.8113839285714286,0.7868303571428571,0.04240565576557504,268.0,Random Forest,5,log2,2.0,10.0,200.0,,,,
0.8515593051910401,0.1287430280088966,0.08405523300170899,0.006286343342628396,,,"{'max_depth': 5, 'max_features': 'log2', 'min_samples_leaf': 2, 'min_samples_split': 10, 'n_estimators': 300}",0.8277529761904762,0.8186383928571428,0.7760416666666667,0.7174479166666666,0.8147321428571429,0.790922619047619,0.0407713315527003,213.0,Random Forest,5,log2,2.0,10.0,300.0,,,,
1.4365966796875,0.07846383549469786,0.14239659309387206,0.01951525200998268,,,"{'max_depth': 5, 'max_features': 'log2', 'min_samples_leaf': 2, 'min_samples_split': 10, 'n_estimators': 500}",0.8260788690476191,0.8234747023809523,0.7793898809523809,0.7103794642857142,0.8154761904761906,0.7909598214285716,0.043631811376995365,212.0,Random Forest,5,log2,2.0,10.0,500.0,,,,
0.31473121643066404,0.02546900641583985,0.059574127197265625,0.02921814165222977,,,"{'max_depth': 5, 'max_features': 'log2', 'min_samples_leaf': 4, 'min_samples_split': 2, 'n_estimators': 100}",0.8325892857142857,0.8178943452380953,0.7845982142857143,0.6997767857142857,0.8100818452380952,0.7889880952380952,0.04724301046884095,244.0,Random Forest,5,log2,4.0,2.0,100.0,,,,
0.6656097888946533,0.11420535041762402,0.10103516578674317,0.02784504101167858,,,"{'max_depth': 5, 'max_features': 'log2', 'min_samples_leaf': 4, 'min_samples_split': 2, 'n_estimators': 200}",0.8301711309523809,0.8184523809523809,0.7849702380952381,0.7038690476190477,0.8154761904761905,0.7905877976190476,0.04585718255125486,217.0,Random Forest,5,log2,4.0,2.0,200.0,,,,
0.8878329753875732,0.09793876000458819,0.09294085502624512,0.006187044029943249,,,"{'max_depth': 5, 'max_features': 'log2', 'min_samples_leaf': 4, 'min_samples_split': 2, 'n_estimators': 300}",0.8290550595238095,0.8234747023809524,0.7838541666666666,0.7122395833333334,0.8180803571428572,0.7933407738095238,0.04350404498543733,166.0,Random Forest,5,log2,4.0,2.0,300.0,,,,
1.423137378692627,0.09084944606960514,0.13828468322753906,0.015728985580924927,,,"{'max_depth': 5, 'max_features': 'log2', 'min_samples_leaf': 4, 'min_samples_split': 2, 'n_estimators': 500}",0.8266369047619048,0.8275669642857143,0.7829241071428571,0.7077752976190477,0.8184523809523809,0.792671130952381,0.0454716896905636,182.0,Random Forest,5,log2,4.0,2.0,500.0,,,,
0.302872371673584,0.029651628308091902,0.06062912940979004,0.004391264479943297,,,"{'max_depth': 5, 'max_features': 'log2', 'min_samples_leaf': 4, 'min_samples_split': 5, 'n_estimators': 100}",0.8325892857142857,0.8178943452380953,0.7845982142857143,0.6997767857142857,0.8100818452380952,0.7889880952380952,0.04724301046884095,244.0,Random Forest,5,log2,4.0,5.0,100.0,,,,
0.6214461326599121,0.027489103754514067,0.0770338535308838,0.00680999967039814,,,"{'max_depth': 5, 'max_features': 'log2', 'min_samples_leaf': 4, 'min_samples_split': 5, 'n_estimators': 200}",0.8301711309523809,0.8184523809523809,0.7849702380952381,0.7038690476190477,0.8154761904761905,0.7905877976190476,0.04585718255125486,217.0,Random Forest,5,log2,4.0,5.0,200.0,,,,
0.9008544921875,0.12377257770390311,0.09884119033813477,0.012424827840213851,,,"{'max_depth': 5, 'max_features': 'log2', 'min_samples_leaf': 4, 'min_samples_split': 5, 'n_estimators': 300}",0.8290550595238095,0.8234747023809524,0.7838541666666666,0.7122395833333334,0.8180803571428572,0.7933407738095238,0.04350404498543733,166.0,Random Forest,5,log2,4.0,5.0,300.0,,,,
1.4034483909606934,0.10502412453794181,0.1326420783996582,0.017094134003777694,,,"{'max_depth': 5, 'max_features': 'log2', 'min_samples_leaf': 4, 'min_samples_split': 5, 'n_estimators': 500}",0.8266369047619048,0.8275669642857143,0.7829241071428571,0.7077752976190477,0.8184523809523809,0.792671130952381,0.0454716896905636,182.0,Random Forest,5,log2,4.0,5.0,500.0,,,,
0.2811910629272461,0.034084415764332764,0.06265664100646973,0.009488309928870902,,,"{'max_depth': 5, 'max_features': 'log2', 'min_samples_leaf': 4, 'min_samples_split': 10, 'n_estimators': 100}",0.8402157738095238,0.8050595238095238,0.7827380952380952,0.7029389880952382,0.8158482142857143,0.789360119047619,0.04700393854754094,237.0,Random Forest,5,log2,4.0,10.0,100.0,,,,
0.6281986713409424,0.05884722235885511,0.06531271934509278,0.0065939659885192225,,,"{'max_depth': 5, 'max_features': 'log2', 'min_samples_leaf': 4, 'min_samples_split': 10, 'n_estimators': 200}",0.8296130952380951,0.8162202380952381,0.7838541666666667,0.7061011904761905,0.8158482142857142,0.790327380952381,0.044723761016504965,225.0,Random Forest,5,log2,4.0,10.0,200.0,,,,
0.8615277290344239,0.13659668820018755,0.10128798484802246,0.008979974291115037,,,"{'max_depth': 5, 'max_features': 'log2', 'min_samples_leaf': 4, 'min_samples_split': 10, 'n_estimators': 300}",0.8296130952380952,0.8160342261904763,0.7859002976190476,0.7131696428571428,0.8177083333333334,0.7924851190476191,0.042198488690230546,184.0,Random Forest,5,log2,4.0,10.0,300.0,,,,
1.3884449481964112,0.13016227379657735,0.13771977424621581,0.017263986671014135,,,"{'max_depth': 5, 'max_features': 'log2', 'min_samples_leaf': 4, 'min_samples_split': 10, 'n_estimators': 500}",0.8296130952380952,0.8219866071428572,0.7845982142857143,0.7044270833333334,0.8190104166666666,0.7919270833333334,0.04640534393990152,193.0,Random Forest,5,log2,4.0,10.0,500.0,,,,
0.33452801704406737,0.04035517095062928,0.08933010101318359,0.028337976721696415,,,"{'max_depth': 10, 'max_features': 'sqrt', 'min_samples_leaf': 1, 'min_samples_split': 2, 'n_estimators': 100}",0.8138020833333333,0.8011532738095238,0.7745535714285714,0.7245163690476191,0.8152901785714285,0.7858630952380953,0.03397544993999758,275.0,Random Forest,10,sqrt,1.0,2.0,100.0,,,,
0.7066877841949463,0.10792809705112,0.08467345237731934,0.008968597931650168,,,"{'max_depth': 10, 'max_features': 'sqrt', 'min_samples_leaf': 1, 'min_samples_split': 2, 'n_estimators': 200}",0.8203125,0.8128720238095237,0.7775297619047619,0.7258184523809523,0.8208705357142857,0.7914806547619048,0.03649324130572308,203.0,Random Forest,10,sqrt,1.0,2.0,200.0,,,,
0.8391056060791016,0.051415440831605236,0.09659810066223144,0.008060174580910124,,,"{'max_depth': 10, 'max_features': 'sqrt', 'min_samples_leaf': 1, 'min_samples_split': 2, 'n_estimators': 300}",0.8262648809523809,0.8225446428571429,0.7672991071428571,0.7213541666666666,0.8195684523809524,0.79140625,0.04114919688310031,204.0,Random Forest,10,sqrt,1.0,2.0,300.0,,,,
1.5184110641479491,0.06299415782248753,0.13867764472961425,0.015830469955405546,,,"{'max_depth': 10, 'max_features': 'sqrt', 'min_samples_leaf': 1, 'min_samples_split': 2, 'n_estimators': 500}",0.8238467261904762,0.8175223214285715,0.7805059523809523,0.7206101190476191,0.8169642857142857,0.7918898809523809,0.03877469799603805,194.0,Random Forest,10,sqrt,1.0,2.0,500.0,,,,
0.29978241920471194,0.023410680725461135,0.07787671089172363,0.023510209266690806,,,"{'max_depth': 10, 'max_features': 'sqrt', 'min_samples_leaf': 1, 'min_samples_split': 5, 'n_estimators': 100}",0.8296130952380953,0.8058035714285714,0.7628348214285714,0.7230282738095237,0.8056175595238095,0.7853794642857143,0.03789266587094364,277.0,Random Forest,10,sqrt,1.0,5.0,100.0,,,,
0.7331892013549804,0.14969871489026684,0.09299945831298828,0.019677832059402937,,,"{'max_depth': 10, 'max_features': 'sqrt', 'min_samples_leaf': 1, 'min_samples_split': 5, 'n_estimators': 200}",0.8270089285714286,0.8026413690476191,0.7816220238095237,0.722470238095238,0.8197544642857143,0.7906994047619047,0.037530804796034434,215.0,Random Forest,10,sqrt,1.0,5.0,200.0,,,,
0.9248903751373291,0.14038024037596553,0.10986318588256835,0.009778774245945041,,,"{'max_depth': 10, 'max_features': 'sqrt', 'min_samples_leaf': 1, 'min_samples_split': 5, 'n_estimators': 300}",0.828311011904762,0.8097098214285715,0.7801339285714286,0.7178199404761904,0.810639880952381,0.7893229166666667,0.03895439263737644,239.0,Random Forest,10,sqrt,1.0,5.0,300.0,,,,
1.516475534439087,0.04693425414075982,0.1437673568725586,0.016607303674549292,,,"{'max_depth': 10, 'max_features': 'sqrt', 'min_samples_leaf': 1, 'min_samples_split': 5, 'n_estimators': 500}",0.8260788690476191,0.8154761904761905,0.7803199404761905,0.7245163690476191,0.8178943452380952,0.7928571428571429,0.037602682664293875,181.0,Random Forest,10,sqrt,1.0,5.0,500.0,,,,
0.28389339447021483,0.01609640408480969,0.05929908752441406,0.007777612616595543,,,"{'max_depth': 10, 'max_features': 'sqrt', 'min_samples_leaf': 1, 'min_samples_split': 10, 'n_estimators': 100}",0.8210565476190476,0.8204985119047619,0.7741815476190476,0.7336309523809524,0.8212425595238095,0.7941220238095237,0.03525196013782314,154.0,Random Forest,10,sqrt,1.0,10.0,100.0,,,,
0.7505706310272217,0.11385998849749472,0.08431200981140137,0.008677494964010156,,,"{'max_depth': 10, 'max_features': 'sqrt', 'min_samples_leaf': 1, 'min_samples_split': 10, 'n_estimators': 200}",0.8191964285714285,0.8191964285714286,0.7818080357142857,0.7321428571428571,0.8257068452380952,0.795610119047619,0.03531864028899843,117.0,Random Forest,10,sqrt,1.0,10.0,200.0,,,,
0.9703032970428467,0.1236390771046162,0.11465201377868653,0.011976079768258098,,,"{'max_depth': 10, 'max_features': 'sqrt', 'min_samples_leaf': 1, 'min_samples_split': 10, 'n_estimators': 300}",0.8249627976190476,0.8212425595238095,0.784784226190476,0.7312127976190476,0.8251488095238095,0.797470238095238,0.03643638491426873,68.0,Random Forest,10,sqrt,1.0,10.0,300.0,,,,
1.4991143703460694,0.01285923484424084,0.15439696311950685,0.021496695178341938,,,"{'max_depth': 10, 'max_features': 'sqrt', 'min_samples_leaf': 1, 'min_samples_split': 10, 'n_estimators': 500}",0.8292410714285714,0.8236607142857142,0.7853422619047619,0.7260044642857143,0.8231026785714285,0.7974702380952381,0.039004598526877717,67.0,Random Forest,10,sqrt,1.0,10.0,500.0,,,,
0.33778076171875,0.03657715791164652,0.07773098945617676,0.010699583702616127,,,"{'max_depth': 10, 'max_features': 'sqrt', 'min_samples_leaf': 2, 'min_samples_split': 2, 'n_estimators': 100}",0.8324032738095238,0.8069196428571428,0.7793898809523809,0.7338169642857143,0.816034226190476,0.7937127976190477,0.03453194658571366,161.0,Random Forest,10,sqrt,2.0,2.0,100.0,,,,
0.7613325595855713,0.05970498668692051,0.09450821876525879,0.02248296987061223,,,"{'max_depth': 10, 'max_features': 'sqrt', 'min_samples_leaf': 2, 'min_samples_split': 2, 'n_estimators': 200}",0.8294270833333333,0.8156622023809524,0.7899925595238095,0.7313988095238095,0.8301711309523809,0.799330357142857,0.03694748990588947,13.0,Random Forest,10,sqrt,2.0,2.0,200.0,,,,
0.9076278686523438,0.17629657960965642,0.09547309875488282,0.014382160696117379,,,"{'max_depth': 10, 'max_features': 'sqrt', 'min_samples_leaf': 2, 'min_samples_split': 2, 'n_estimators': 300}",0.8294270833333333,0.820126488095238,0.7859002976190477,0.7299107142857143,0.8251488095238095,0.7981026785714285,0.03740802537737905,32.0,Random Forest,10,sqrt,2.0,2.0,300.0,,,,
1.426301622390747,0.08065370900056906,0.17451539039611816,0.024983744224824536,,,"{'max_depth': 10, 'max_features': 'sqrt', 'min_samples_leaf': 2, 'min_samples_split': 2, 'n_estimators': 500}",0.8227306547619048,0.8197544642857142,0.7855282738095238,0.7321428571428572,0.8273809523809523,0.7975074404761905,0.03588759258901765,64.0,Random Forest,10,sqrt,2.0,2.0,500.0,,,,
0.3090224266052246,0.05218763875120667,0.07316389083862304,0.003421589506063687,,,"{'max_depth': 10, 'max_features': 'sqrt', 'min_samples_leaf': 2, 'min_samples_split': 5, 'n_estimators': 100}",0.8273809523809524,0.8048735119047619,0.7866443452380951,0.7191220238095237,0.8271949404761905,0.7930431547619048,0.03997665450617342,178.0,Random Forest,10,sqrt,2.0,5.0,100.0,,,,
0.7993324756622314,0.07784716568386905,0.09178714752197266,0.016940084839067743,,,"{'max_depth': 10, 'max_features': 'sqrt', 'min_samples_leaf': 2, 'min_samples_split': 5, 'n_estimators': 200}",0.8266369047619048,0.8130580357142857,0.7853422619047619,0.7248883928571429,0.8351934523809524,0.7970238095238096,0.0398269515464073,77.0,Random Forest,10,sqrt,2.0,5.0,200.0,,,,
0.9195043087005615,0.1768837291675945,0.12518863677978515,0.028344023884143445,,,"{'max_depth': 10, 'max_features': 'sqrt', 'min_samples_leaf': 2, 'min_samples_split': 5, 'n_estimators': 300}",0.8303571428571429,0.8204985119047619,0.7834821428571429,0.7178199404761905,0.8279389880952381,0.7960193452380953,0.04258991874799914,102.0,Random Forest,10,sqrt,2.0,5.0,300.0,,,,
1.4830532550811768,0.09276552629311349,0.15665488243103026,0.02564282149262709,,,"{'max_depth': 10, 'max_features': 'sqrt', 'min_samples_leaf': 2, 'min_samples_split': 5, 'n_estimators': 500}",0.8277529761904763,0.8173363095238095,0.7855282738095238,0.71875,0.8314732142857143,0.7961681547619048,0.041949771637274764,98.0,Random Forest,10,sqrt,2.0,5.0,500.0,,,,
0.28667359352111815,0.020266949565445322,0.08859472274780274,0.03102634703683682,,,"{'max_depth': 10, 'max_features': 'sqrt', 'min_samples_leaf': 2, 'min_samples_split': 10, 'n_estimators': 100}",0.8227306547619048,0.8149181547619048,0.788876488095238,0.7286086309523809,0.8214285714285715,0.7953125,0.03552186507269335,125.0,Random Forest,10,sqrt,2.0,10.0,100.0,,,,
0.6841152667999267,0.1074427419262988,0.10653038024902343,0.012400894275109322,,,"{'max_depth': 10, 'max_features': 'sqrt', 'min_samples_leaf': 2, 'min_samples_split': 10, 'n_estimators': 200}",0.8249627976190477,0.8186383928571429,0.7957589285714286,0.7271205357142857,0.8225446428571428,0.7978050595238095,0.03683505411367737,52.0,Random Forest,10,sqrt,2.0,10.0,200.0,,,,
0.9109827518463135,0.193774753895966,0.09712786674499511,0.011780771677394023,,,"{'max_depth': 10, 'max_features': 'sqrt', 'min_samples_leaf': 2, 'min_samples_split': 10, 'n_estimators': 300}",0.8296130952380952,0.8182663690476191,0.7912946428571429,0.7245163690476191,0.8212425595238095,0.7969866071428571,0.038444768395893454,79.0,Random Forest,10,sqrt,2.0,10.0,300.0,,,,
1.4395170211791992,0.12858413246549058,0.1602407932281494,0.04597243162961442,,,"{'max_depth': 10, 'max_features': 'sqrt', 'min_samples_leaf': 2, 'min_samples_split': 10, 'n_estimators': 500}",0.8316592261904763,0.8186383928571429,0.7911086309523809,0.7243303571428571,0.8249627976190476,0.798139880952381,0.03939667152326044,30.0,Random Forest,10,sqrt,2.0,10.0,500.0,,,,
0.270204496383667,0.03784812964877726,0.05966167449951172,0.010338344226191128,,,"{'max_depth': 10, 'max_features': 'sqrt', 'min_samples_leaf': 4, 'min_samples_split': 2, 'n_estimators': 100}",0.8314732142857143,0.82421875,0.7864583333333333,0.7098214285714286,0.8139880952380952,0.7931919642857144,0.044399510373428965,170.0,Random Forest,10,sqrt,4.0,2.0,100.0,,,,
0.7087891578674317,0.12763808481385686,0.09028329849243164,0.01668939715670819,,,"{'max_depth': 10, 'max_features': 'sqrt', 'min_samples_leaf': 4, 'min_samples_split': 2, 'n_estimators': 200}",0.8333333333333334,0.8216145833333334,0.7872023809523809,0.7211681547619048,0.8219866071428571,0.7970610119047619,0.04097990443924994,75.0,Random Forest,10,sqrt,4.0,2.0,200.0,,,,
0.8988317489624024,0.17341475968719663,0.11320958137512208,0.01281729751867911,,,"{'max_depth': 10, 'max_features': 'sqrt', 'min_samples_leaf': 4, 'min_samples_split': 2, 'n_estimators': 300}",0.8340773809523809,0.8225446428571428,0.7894345238095238,0.7202380952380952,0.8204985119047619,0.7973586309523809,0.041299937991695734,71.0,Random Forest,10,sqrt,4.0,2.0,300.0,,,,
1.411528730392456,0.06281738909937952,0.1456300735473633,0.020827801598009323,,,"{'max_depth': 10, 'max_features': 'sqrt', 'min_samples_leaf': 4, 'min_samples_split': 2, 'n_estimators': 500}",0.8348214285714286,0.8206845238095238,0.7849702380952381,0.716703869047619,0.82421875,0.7962797619047619,0.04317839177567433,95.0,Random Forest,10,sqrt,4.0,2.0,500.0,,,,
0.3533342361450195,0.05929362387179933,0.06360540390014649,0.010056182989185777,,,"{'max_depth': 10, 'max_features': 'sqrt', 'min_samples_leaf': 4, 'min_samples_split': 5, 'n_estimators': 100}",0.8314732142857143,0.82421875,0.7864583333333333,0.7098214285714286,0.8139880952380952,0.7931919642857144,0.044399510373428965,170.0,Random Forest,10,sqrt,4.0,5.0,100.0,,,,
0.7438873767852783,0.09427231517553691,0.08115916252136231,0.0063043831007640865,,,"{'max_depth': 10, 'max_features': 'sqrt', 'min_samples_leaf': 4, 'min_samples_split': 5, 'n_estimators': 200}",0.8333333333333334,0.8216145833333334,0.7872023809523809,0.7211681547619048,0.8219866071428571,0.7970610119047619,0.04097990443924994,75.0,Random Forest,10,sqrt,4.0,5.0,200.0,,,,
0.8393377304077149,0.1365968812526555,0.103550386428833,0.0074043430881441975,,,"{'max_depth': 10, 'max_features': 'sqrt', 'min_samples_leaf': 4, 'min_samples_split': 5, 'n_estimators': 300}",0.8340773809523809,0.8225446428571428,0.7894345238095238,0.7202380952380952,0.8204985119047619,0.7973586309523809,0.041299937991695734,71.0,Random Forest,10,sqrt,4.0,5.0,300.0,,,,
1.4297603607177733,0.04172977021479462,0.15249066352844237,0.024034018920030098,,,"{'max_depth': 10, 'max_features': 'sqrt', 'min_samples_leaf': 4, 'min_samples_split': 5, 'n_estimators': 500}",0.8348214285714286,0.8206845238095238,0.7849702380952381,0.716703869047619,0.82421875,0.7962797619047619,0.04317839177567433,95.0,Random Forest,10,sqrt,4.0,5.0,500.0,,,,
0.35308837890625,0.07961645761395286,0.13149442672729492,0.05920911904758263,,,"{'max_depth': 10, 'max_features': 'sqrt', 'min_samples_leaf': 4, 'min_samples_split': 10, 'n_estimators': 100}",0.826264880952381,0.8156622023809523,0.7712053571428571,0.7353050595238095,0.8262648809523809,0.7949404761904761,0.03608757514962718,136.0,Random Forest,10,sqrt,4.0,10.0,100.0,,,,
0.8129709243774415,0.10656193579741276,0.07051753997802734,0.002960903341762307,,,"{'max_depth': 10, 'max_features': 'sqrt', 'min_samples_leaf': 4, 'min_samples_split': 10, 'n_estimators': 200}",0.8238467261904763,0.8208705357142857,0.7808779761904762,0.7235863095238095,0.824032738095238,0.7946428571428571,0.03909738380035928,147.0,Random Forest,10,sqrt,4.0,10.0,200.0,,,,
0.8316178321838379,0.13322077480657196,0.09297809600830079,0.0042262884756607,,,"{'max_depth': 10, 'max_features': 'sqrt', 'min_samples_leaf': 4, 'min_samples_split': 10, 'n_estimators': 300}",0.8270089285714286,0.820498511904762,0.7842261904761905,0.7174479166666666,0.8227306547619048,0.7943824404761906,0.04140586560703793,152.0,Random Forest,10,sqrt,4.0,10.0,300.0,,,,
1.400186014175415,0.11230921555084315,0.16056561470031738,0.026914593020029968,,,"{'max_depth': 10, 'max_features': 'sqrt', 'min_samples_leaf': 4, 'min_samples_split': 10, 'n_estimators': 500}",0.8257068452380951,0.8210565476190476,0.7868303571428572,0.7181919642857143,0.8273809523809523,0.7958333333333334,0.041552678103524324,106.0,Random Forest,10,sqrt,4.0,10.0,500.0,,,,
0.350833797454834,0.043517390580989544,0.06323838233947754,0.010879875490005934,,,"{'max_depth': 10, 'max_features': 'log2', 'min_samples_leaf': 1, 'min_samples_split': 2, 'n_estimators': 100}",0.8188244047619048,0.8143601190476191,0.7762276785714286,0.7241443452380952,0.8324032738095238,0.7931919642857144,0.03923773760374683,170.0,Random Forest,10,log2,1.0,2.0,100.0,,,,
0.7289287090301514,0.08031222134252732,0.08386516571044922,0.009479979999591744,,,"{'max_depth': 10, 'max_features': 'log2', 'min_samples_leaf': 1, 'min_samples_split': 2, 'n_estimators': 200}",0.8258928571428571,0.8100818452380952,0.7827380952380952,0.7234002976190476,0.8335193452380953,0.795126488095238,0.039855645344282695,132.0,Random Forest,10,log2,1.0,2.0,200.0,,,,
0.8624752044677735,0.13336035578305538,0.10562424659729004,0.007793216820076694,,,"{'max_depth': 10, 'max_features': 'log2', 'min_samples_leaf': 1, 'min_samples_split': 2, 'n_estimators': 300}",0.8340773809523808,0.8121279761904762,0.784970238095238,0.7220982142857142,0.8303571428571428,0.7967261904761904,0.04116042914717199,88.0,Random Forest,10,log2,1.0,2.0,300.0,,,,
1.4709729194641112,0.08462167225094033,0.15380301475524902,0.040904668958169466,,,"{'max_depth': 10, 'max_features': 'log2', 'min_samples_leaf': 1, 'min_samples_split': 2, 'n_estimators': 500}",0.8301711309523809,0.8104538690476191,0.7818080357142857,0.7273065476190477,0.8292410714285714,0.7957961309523809,0.038474780800124495,108.0,Random Forest,10,log2,1.0,2.0,500.0,,,,
0.33809871673583985,0.04459326801094855,0.05990214347839355,0.004632714239740678,,,"{'max_depth': 10, 'max_features': 'log2', 'min_samples_leaf': 1, 'min_samples_split': 5, 'n_estimators': 100}",0.8186383928571428,0.8180803571428572,0.7676711309523809,0.7248883928571428,0.8311011904761905,0.7920758928571429,0.040036295990439376,189.0,Random Forest,10,log2,1.0,5.0,100.0,,,,
0.7003271102905273,0.08424408386122052,0.0790060043334961,0.004575652247168925,,,"{'max_depth': 10, 'max_features': 'log2', 'min_samples_leaf': 1, 'min_samples_split': 5, 'n_estimators': 200}",0.8258928571428572,0.8165922619047619,0.7712053571428571,0.7280505952380952,0.835751488095238,0.795498511904762,0.04031982994672852,119.0,Random Forest,10,log2,1.0,5.0,200.0,,,,
0.881212854385376,0.15848066374741823,0.13518280982971193,0.07029974751721617,,,"{'max_depth': 10, 'max_features': 'log2', 'min_samples_leaf': 1, 'min_samples_split': 5, 'n_estimators': 300}",0.8288690476190476,0.814546130952381,0.7712053571428572,0.7220982142857143,0.8353794642857142,0.7944196428571428,0.04251784584099831,151.0,Random Forest,10,log2,1.0,5.0,300.0,,,,
1.516648530960083,0.07818432232810985,0.13784613609313964,0.011548396934484279,,,"{'max_depth': 10, 'max_features': 'log2', 'min_samples_leaf': 1, 'min_samples_split': 5, 'n_estimators': 500}",0.8296130952380952,0.8134300595238095,0.7732514880952381,0.7248883928571428,0.8327752976190476,0.7947916666666666,0.04087327923853739,143.0,Random Forest,10,log2,1.0,5.0,500.0,,,,
0.3632089614868164,0.04927086480706532,0.06629357337951661,0.01522043787504337,,,"{'max_depth': 10, 'max_features': 'log2', 'min_samples_leaf': 1, 'min_samples_split': 10, 'n_estimators': 100}",0.8337053571428571,0.8046875,0.7680431547619048,0.7340029761904762,0.8121279761904762,0.7905133928571428,0.03530433428554117,219.0,Random Forest,10,log2,1.0,10.0,100.0,,,,
0.7410842895507812,0.10719609259295967,0.08796720504760742,0.013640106491542998,,,"{'max_depth': 10, 'max_features': 'log2', 'min_samples_leaf': 1, 'min_samples_split': 10, 'n_estimators': 200}",0.8312872023809524,0.8149181547619048,0.7849702380952381,0.7375372023809523,0.8203125,0.7978050595238095,0.03381551135623609,52.0,Random Forest,10,log2,1.0,10.0,200.0,,,,
0.9243986129760742,0.1410800921137819,0.09698433876037597,0.013295186476964295,,,"{'max_depth': 10, 'max_features': 'log2', 'min_samples_leaf': 1, 'min_samples_split': 10, 'n_estimators': 300}",0.8351934523809524,0.8191964285714286,0.7821800595238094,0.7308407738095238,0.8208705357142857,0.79765625,0.037724645119384545,60.0,Random Forest,10,log2,1.0,10.0,300.0,,,,
1.4748494625091553,0.06496759090103643,0.16455521583557128,0.018388732485763996,,,"{'max_depth': 10, 'max_features': 'log2', 'min_samples_leaf': 1, 'min_samples_split': 10, 'n_estimators': 500}",0.8273809523809523,0.818266369047619,0.7873883928571429,0.7289806547619048,0.8191964285714286,0.7962425595238095,0.03628798120447789,97.0,Random Forest,10,log2,1.0,10.0,500.0,,,,
0.3138239860534668,0.012876950572221829,0.06144471168518066,0.012178197941570372,,,"{'max_depth': 10, 'max_features': 'log2', 'min_samples_leaf': 2, 'min_samples_split': 2, 'n_estimators': 100}",0.8195684523809523,0.8324032738095238,0.7842261904761905,0.7206101190476191,0.828125,0.7969866071428572,0.04178534596992064,78.0,Random Forest,10,log2,2.0,2.0,100.0,,,,
0.7312582015991211,0.07770756899071236,0.10387253761291504,0.0273901435866683,,,"{'max_depth': 10, 'max_features': 'log2', 'min_samples_leaf': 2, 'min_samples_split': 2, 'n_estimators': 200}",0.8335193452380952,0.8337053571428571,0.7883184523809524,0.7204241071428571,0.8275669642857143,0.8007068452380952,0.043556442125321684,7.0,Random Forest,10,log2,2.0,2.0,200.0,,,,
0.9089160919189453,0.17332280777908968,0.10618004798889161,0.014177094323398406,,,"{'max_depth': 10, 'max_features': 'log2', 'min_samples_leaf': 2, 'min_samples_split': 2, 'n_estimators': 300}",0.8331473214285715,0.8253348214285715,0.7765997023809523,0.7263764880952381,0.828311011904762,0.7979538690476191,0.04120479016875921,40.0,Random Forest,10,log2,2.0,2.0,300.0,,,,
1.4581182479858399,0.11560543286138933,0.17722010612487793,0.032793451463426465,,,"{'max_depth': 10, 'max_features': 'log2', 'min_samples_leaf': 2, 'min_samples_split': 2, 'n_estimators': 500}",0.8351934523809523,0.8216145833333333,0.7808779761904762,0.7219122023809524,0.8219866071428572,0.7963169642857143,0.04143600455647265,94.0,Random Forest,10,log2,2.0,2.0,500.0,,,,
0.2908930778503418,0.04076317981840758,0.07015452384948731,0.008868117251385263,,,"{'max_depth': 10, 'max_features': 'log2', 'min_samples_leaf': 2, 'min_samples_split': 5, 'n_estimators': 100}",0.8180803571428571,0.8175223214285714,0.7805059523809523,0.7211681547619048,0.8232886904761904,0.792113095238095,0.03862578296774098,188.0,Random Forest,10,log2,2.0,5.0,100.0,,,,
0.7147550582885742,0.07436516720089824,0.10405521392822266,0.013529789178388428,,,"{'max_depth': 10, 'max_features': 'log2', 'min_samples_leaf': 2, 'min_samples_split': 5, 'n_estimators': 200}",0.8214285714285714,0.826078869047619,0.7859002976190477,0.7230282738095238,0.8236607142857142,0.7960193452380953,0.03935312100224869,102.0,Random Forest,10,log2,2.0,5.0,200.0,,,,
0.9169421195983887,0.16748906641576575,0.10465359687805176,0.01685497206938911,,,"{'max_depth': 10, 'max_features': 'log2', 'min_samples_leaf': 2, 'min_samples_split': 5, 'n_estimators': 300}",0.8277529761904763,0.8273809523809524,0.7834821428571428,0.7267485119047619,0.8253348214285714,0.798139880952381,0.039454067764773774,30.0,Random Forest,10,log2,2.0,5.0,300.0,,,,
1.4595823287963867,0.1552880633627446,0.15483460426330567,0.028876775674160002,,,"{'max_depth': 10, 'max_features': 'log2', 'min_samples_leaf': 2, 'min_samples_split': 5, 'n_estimators': 500}",0.8290550595238095,0.82421875,0.7836681547619048,0.7220982142857143,0.8238467261904762,0.7965773809523811,0.04068477962611599,89.0,Random Forest,10,log2,2.0,5.0,500.0,,,,
0.34346718788146974,0.06380353861350026,0.08729033470153809,0.022140287212197393,,,"{'max_depth': 10, 'max_features': 'log2', 'min_samples_leaf': 2, 'min_samples_split': 10, 'n_estimators': 100}",0.8218005952380952,0.8275669642857144,0.7840401785714286,0.7287946428571429,0.8236607142857143,0.797172619047619,0.03762972560038036,73.0,Random Forest,10,log2,2.0,10.0,100.0,,,,
0.709035062789917,0.0232232447459166,0.07319478988647461,0.007216889812291139,,,"{'max_depth': 10, 'max_features': 'log2', 'min_samples_leaf': 2, 'min_samples_split': 10, 'n_estimators': 200}",0.828125,0.8225446428571429,0.7898065476190476,0.7356770833333334,0.8214285714285715,0.799516369047619,0.03463707495007249,10.0,Random Forest,10,log2,2.0,10.0,200.0,,,,
0.9055506229400635,0.12531664914108137,0.1202573299407959,0.0058125894068972945,,,"{'max_depth': 10, 'max_features': 'log2', 'min_samples_leaf': 2, 'min_samples_split': 10, 'n_estimators': 300}",0.8325892857142857,0.8188244047619048,0.7901785714285714,0.7367931547619048,0.8214285714285714,0.7999627976190476,0.03454609169074617,8.0,Random Forest,10,log2,2.0,10.0,300.0,,,,
1.4405192852020263,0.09665752165545295,0.15385060310363768,0.015603666186872079,,,"{'max_depth': 10, 'max_features': 'log2', 'min_samples_leaf': 2, 'min_samples_split': 10, 'n_estimators': 500}",0.8311011904761905,0.8165922619047619,0.7901785714285714,0.73046875,0.8266369047619048,0.7989955357142857,0.03708941181169385,16.0,Random Forest,10,log2,2.0,10.0,500.0,,,,
0.31905407905578614,0.054271816608604743,0.054645538330078125,0.003028069184398524,,,"{'max_depth': 10, 'max_features': 'log2', 'min_samples_leaf': 4, 'min_samples_split': 2, 'n_estimators': 100}",0.8158482142857143,0.8253348214285714,0.7780877976190476,0.7181919642857143,0.8303571428571428,0.7935639880952381,0.041905043299667336,163.0,Random Forest,10,log2,4.0,2.0,100.0,,,,
0.6913622856140137,0.07712149284472732,0.10894637107849121,0.016233764078751423,,,"{'max_depth': 10, 'max_features': 'log2', 'min_samples_leaf': 4, 'min_samples_split': 2, 'n_estimators': 200}",0.8188244047619048,0.826078869047619,0.775297619047619,0.7207961309523809,0.8348214285714286,0.7951636904761905,0.04245823491615373,130.0,Random Forest,10,log2,4.0,2.0,200.0,,,,
0.8982600688934326,0.17894839318075165,0.09608159065246583,0.010366723779870591,,,"{'max_depth': 10, 'max_features': 'log2', 'min_samples_leaf': 4, 'min_samples_split': 2, 'n_estimators': 300}",0.8262648809523809,0.8279389880952381,0.7767857142857143,0.7256324404761906,0.8322172619047619,0.7977678571428573,0.04135917710483848,55.0,Random Forest,10,log2,4.0,2.0,300.0,,,,
1.4671949386596679,0.06934719050118676,0.14120540618896485,0.017057766123968077,,,"{'max_depth': 10, 'max_features': 'log2', 'min_samples_leaf': 4, 'min_samples_split': 2, 'n_estimators': 500}",0.8311011904761905,0.8270089285714286,0.7801339285714286,0.7196800595238095,0.8303571428571429,0.79765625,0.04344378023573266,60.0,Random Forest,10,log2,4.0,2.0,500.0,,,,
0.308056640625,0.046320640747039905,0.07373414039611817,0.022567375632209844,,,"{'max_depth': 10, 'max_features': 'log2', 'min_samples_leaf': 4, 'min_samples_split': 5, 'n_estimators': 100}",0.8158482142857143,0.8253348214285714,0.7780877976190476,0.7181919642857143,0.8303571428571428,0.7935639880952381,0.041905043299667336,163.0,Random Forest,10,log2,4.0,5.0,100.0,,,,
0.7452949523925781,0.08579858751468832,0.08455491065979004,0.010688822780744078,,,"{'max_depth': 10, 'max_features': 'log2', 'min_samples_leaf': 4, 'min_samples_split': 5, 'n_estimators': 200}",0.8188244047619048,0.826078869047619,0.775297619047619,0.7207961309523809,0.8348214285714286,0.7951636904761905,0.04245823491615373,130.0,Random Forest,10,log2,4.0,5.0,200.0,,,,
0.8702521324157715,0.1433374432674626,0.13236265182495116,0.01951855912104731,,,"{'max_depth': 10, 'max_features': 'log2', 'min_samples_leaf': 4, 'min_samples_split': 5, 'n_estimators': 300}",0.8262648809523809,0.8279389880952381,0.7767857142857143,0.7256324404761906,0.8322172619047619,0.7977678571428573,0.04135917710483848,55.0,Random Forest,10,log2,4.0,5.0,300.0,,,,
1.447950792312622,0.1060919649283969,0.1464601993560791,0.018369467661046256,,,"{'max_depth': 10, 'max_features': 'log2', 'min_samples_leaf': 4, 'min_samples_split': 5, 'n_estimators': 500}",0.8311011904761905,0.8270089285714286,0.7801339285714286,0.7196800595238095,0.8303571428571429,0.79765625,0.04344378023573266,60.0,Random Forest,10,log2,4.0,5.0,500.0,,,,
0.3069328308105469,0.03700036629612908,0.05490546226501465,0.0059864003127448676,,,"{'max_depth': 10, 'max_features': 'log2', 'min_samples_leaf': 4, 'min_samples_split': 10, 'n_estimators': 100}",0.8301711309523809,0.8195684523809524,0.7892485119047619,0.7193080357142857,0.8206845238095237,0.7957961309523809,0.0406435628813702,108.0,Random Forest,10,log2,4.0,10.0,100.0,,,,
0.6958633422851562,0.05779574045022125,0.07126259803771973,0.0027572086804293432,,,"{'max_depth': 10, 'max_features': 'log2', 'min_samples_leaf': 4, 'min_samples_split': 10, 'n_estimators': 200}",0.8208705357142857,0.8186383928571429,0.7898065476190476,0.7323288690476191,0.8212425595238095,0.7965773809523811,0.034231366068307796,89.0,Random Forest,10,log2,4.0,10.0,200.0,,,,
0.865850305557251,0.1588797368537029,0.11860194206237792,0.008674840203818687,,,"{'max_depth': 10, 'max_features': 'log2', 'min_samples_leaf': 4, 'min_samples_split': 10, 'n_estimators': 300}",0.8258928571428572,0.8201264880952381,0.7883184523809524,0.7293526785714286,0.8201264880952381,0.7967633928571429,0.036209710156083624,87.0,Random Forest,10,log2,4.0,10.0,300.0,,,,
1.4504724502563477,0.17948041215896507,0.18600339889526368,0.03229672579275087,,,"{'max_depth': 10, 'max_features': 'log2', 'min_samples_leaf': 4, 'min_samples_split': 10, 'n_estimators': 500}",0.8273809523809524,0.8249627976190476,0.7875744047619048,0.7245163690476191,0.82421875,0.7977306547619047,0.039460942689063826,57.0,Random Forest,10,log2,4.0,10.0,500.0,,,,
0.3552727699279785,0.0373360165374716,0.08656816482543946,0.02153982623212732,,,"{'max_depth': 20, 'max_features': 'sqrt', 'min_samples_leaf': 1, 'min_samples_split': 2, 'n_estimators': 100}",0.8068266369047619,0.7973400297619048,0.7725074404761905,0.7308407738095237,0.8126860119047619,0.7840401785714285,0.029932835506917797,282.0,Random Forest,20,sqrt,1.0,2.0,100.0,,,,
0.6961824893951416,0.13589038697238603,0.1267634391784668,0.07096101467179346,,,"{'max_depth': 20, 'max_features': 'sqrt', 'min_samples_leaf': 1, 'min_samples_split': 2, 'n_estimators': 200}",0.8167782738095237,0.7978050595238095,0.7718563988095238,0.7448846726190477,0.8196614583333334,0.7901971726190478,0.02836260092618147,226.0,Random Forest,20,sqrt,1.0,2.0,200.0,,,,
0.8932653427124023,0.07845061536582498,0.10256338119506836,0.003981552977587169,,,"{'max_depth': 20, 'max_features': 'sqrt', 'min_samples_leaf': 1, 'min_samples_split': 2, 'n_estimators': 300}",0.8229166666666667,0.8031063988095238,0.7705543154761905,0.7392113095238096,0.8218005952380952,0.7915178571428573,0.032288291274240835,200.0,Random Forest,20,sqrt,1.0,2.0,300.0,,,,
1.5642408847808837,0.1183190274664529,0.1971285343170166,0.0678480949079773,,,"{'max_depth': 20, 'max_features': 'sqrt', 'min_samples_leaf': 1, 'min_samples_split': 2, 'n_estimators': 500}",0.8323102678571428,0.8045014880952381,0.7767857142857143,0.7358630952380952,0.824125744047619,0.794717261904762,0.03509751368593177,145.0,Random Forest,20,sqrt,1.0,2.0,500.0,,,,
0.3318780422210693,0.04755791828509948,0.10296087265014649,0.021842945439388826,,,"{'max_depth': 20, 'max_features': 'sqrt', 'min_samples_leaf': 1, 'min_samples_split': 5, 'n_estimators': 100}",0.8097098214285715,0.8033854166666666,0.7708333333333333,0.7172619047619048,0.8110119047619048,0.7824404761904761,0.035725638386607875,285.0,Random Forest,20,sqrt,1.0,5.0,100.0,,,,
0.7283449172973633,0.09352595818444916,0.08161416053771972,0.006030008300724652,,,"{'max_depth': 20, 'max_features': 'sqrt', 'min_samples_leaf': 1, 'min_samples_split': 5, 'n_estimators': 200}",0.824032738095238,0.8017113095238095,0.7790178571428572,0.7327008928571428,0.8151041666666666,0.7905133928571428,0.032643769687411436,219.0,Random Forest,20,sqrt,1.0,5.0,200.0,,,,
0.9181541919708252,0.2054415273233573,0.14531126022338867,0.02488422370708967,,,"{'max_depth': 20, 'max_features': 'sqrt', 'min_samples_leaf': 1, 'min_samples_split': 5, 'n_estimators': 300}",0.8232886904761905,0.80859375,0.7814360119047619,0.7287946428571428,0.8177083333333334,0.7919642857142858,0.034703780001713286,192.0,Random Forest,20,sqrt,1.0,5.0,300.0,,,,
1.4558627605438232,0.1112466211637267,0.1402522563934326,0.020223793058412768,,,"{'max_depth': 20, 'max_features': 'sqrt', 'min_samples_leaf': 1, 'min_samples_split': 5, 'n_estimators': 500}",0.8271949404761906,0.8056175595238095,0.7842261904761905,0.7248883928571429,0.818080357142857,0.7920014880952382,0.0365204236227993,191.0,Random Forest,20,sqrt,1.0,5.0,500.0,,,,
0.36205282211303713,0.05244335191781051,0.07650976181030274,0.01870544045137596,,,"{'max_depth': 20, 'max_features': 'sqrt', 'min_samples_leaf': 1, 'min_samples_split': 10, 'n_estimators': 100}",0.8232886904761905,0.824032738095238,0.7825520833333334,0.7317708333333334,0.8119419642857143,0.794717261904762,0.03487881444823405,145.0,Random Forest,20,sqrt,1.0,10.0,100.0,,,,
0.7893753528594971,0.06739379426039223,0.09203944206237794,0.02100832176765484,,,"{'max_depth': 20, 'max_features': 'sqrt', 'min_samples_leaf': 1, 'min_samples_split': 10, 'n_estimators': 200}",0.8270089285714286,0.8210565476190476,0.7859002976190476,0.7317708333333334,0.8218005952380952,0.7975074404761905,0.03597522174860233,64.0,Random Forest,20,sqrt,1.0,10.0,200.0,,,,
0.9040652751922608,0.13283792672389716,0.11043062210083007,0.005486664510604288,,,"{'max_depth': 20, 'max_features': 'sqrt', 'min_samples_leaf': 1, 'min_samples_split': 10, 'n_estimators': 300}",0.8318452380952379,0.8253348214285714,0.7827380952380952,0.7273065476190477,0.824404761904762,0.7983258928571428,0.03954709337291463,24.0,Random Forest,20,sqrt,1.0,10.0,300.0,,,,
1.4785642147064209,0.0814514000231713,0.14425697326660156,0.008340208280849781,,,"{'max_depth': 20, 'max_features': 'sqrt', 'min_samples_leaf': 1, 'min_samples_split': 10, 'n_estimators': 500}",0.8301711309523809,0.8236607142857143,0.7838541666666667,0.7258184523809524,0.8240327380952381,0.7975074404761905,0.039446735530576836,64.0,Random Forest,20,sqrt,1.0,10.0,500.0,,,,
0.3385319232940674,0.044144277903389845,0.10139870643615723,0.07373245611378142,,,"{'max_depth': 20, 'max_features': 'sqrt', 'min_samples_leaf': 2, 'min_samples_split': 2, 'n_estimators': 100}",0.8311011904761905,0.8078497023809524,0.7719494047619048,0.7364211309523809,0.8227306547619049,0.7940104166666666,0.03520033375541131,156.0,Random Forest,20,sqrt,2.0,2.0,100.0,,,,
0.8032821655273438,0.1847297569372175,0.0999448299407959,0.017959262590281418,,,"{'max_depth': 20, 'max_features': 'sqrt', 'min_samples_leaf': 2, 'min_samples_split': 2, 'n_estimators': 200}",0.826078869047619,0.8158482142857143,0.7788318452380952,0.7367931547619048,0.8199404761904762,0.7954985119047618,0.03367721776860537,120.0,Random Forest,20,sqrt,2.0,2.0,200.0,,,,
0.9408612728118897,0.12137311117255169,0.10215983390808106,0.002661665643136319,,,"{'max_depth': 20, 'max_features': 'sqrt', 'min_samples_leaf': 2, 'min_samples_split': 2, 'n_estimators': 300}",0.8268229166666667,0.8130580357142857,0.7786458333333334,0.734375,0.819940476190476,0.7945684523809524,0.034359092704154215,149.0,Random Forest,20,sqrt,2.0,2.0,300.0,,,,
1.5120083332061767,0.04568590995270661,0.22094464302062988,0.029325098003374035,,,"{'max_depth': 20, 'max_features': 'sqrt', 'min_samples_leaf': 2, 'min_samples_split': 2, 'n_estimators': 500}",0.8299851190476191,0.8138020833333334,0.7758556547619049,0.7286086309523809,0.8197544642857143,0.7936011904761906,0.03729556781365695,162.0,Random Forest,20,sqrt,2.0,2.0,500.0,,,,
0.31644573211669924,0.04982356387409442,0.0678713321685791,0.004255455916311355,,,"{'max_depth': 20, 'max_features': 'sqrt', 'min_samples_leaf': 2, 'min_samples_split': 5, 'n_estimators': 100}",0.8331473214285714,0.8100818452380952,0.7702752976190476,0.7334449404761906,0.8121279761904762,0.7918154761904762,0.03556874486872257,196.0,Random Forest,20,sqrt,2.0,5.0,100.0,,,,
0.7630103588104248,0.10138526442712731,0.15618500709533692,0.04262368865148712,,,"{'max_depth': 20, 'max_features': 'sqrt', 'min_samples_leaf': 2, 'min_samples_split': 5, 'n_estimators': 200}",0.8284970238095238,0.818266369047619,0.7806919642857143,0.7328869047619048,0.8193824404761905,0.7959449404761905,0.03554200292575259,104.0,Random Forest,20,sqrt,2.0,5.0,200.0,,,,
1.0802742481231689,0.21099122457318753,0.16908669471740723,0.02858615289858986,,,"{'max_depth': 20, 'max_features': 'sqrt', 'min_samples_leaf': 2, 'min_samples_split': 5, 'n_estimators': 300}",0.8364955357142857,0.8151041666666666,0.7885044642857143,0.7243303571428571,0.8175223214285714,0.796391369047619,0.039140829911351864,92.0,Random Forest,20,sqrt,2.0,5.0,300.0,,,,
1.5479482650756835,0.02831882373555115,0.16134977340698242,0.0350082360743534,,,"{'max_depth': 20, 'max_features': 'sqrt', 'min_samples_leaf': 2, 'min_samples_split': 5, 'n_estimators': 500}",0.8311011904761905,0.8182663690476191,0.7905505952380952,0.7310267857142857,0.8195684523809522,0.7981026785714285,0.036090067919156046,32.0,Random Forest,20,sqrt,2.0,5.0,500.0,,,,
0.4364368438720703,0.05468229589798622,0.112526273727417,0.018011611970062742,,,"{'max_depth': 20, 'max_features': 'sqrt', 'min_samples_leaf': 2, 'min_samples_split': 10, 'n_estimators': 100}",0.8355654761904762,0.8173363095238095,0.7840401785714285,0.7328869047619048,0.8151041666666667,0.7969866071428571,0.036075108718248476,79.0,Random Forest,20,sqrt,2.0,10.0,100.0,,,,
0.86297607421875,0.03874302999731057,0.10003576278686524,0.02889643583601609,,,"{'max_depth': 20, 'max_features': 'sqrt', 'min_samples_leaf': 2, 'min_samples_split': 10, 'n_estimators': 200}",0.8273809523809523,0.8152901785714286,0.7831101190476191,0.7327008928571429,0.8210565476190477,0.7959077380952382,0.03509298840222334,105.0,Random Forest,20,sqrt,2.0,10.0,200.0,,,,
0.8772032260894775,0.14105386145040863,0.1120190143585205,0.010494536740266429,,,"{'max_depth': 20, 'max_features': 'sqrt', 'min_samples_leaf': 2, 'min_samples_split': 10, 'n_estimators': 300}",0.8322172619047619,0.822358630952381,0.7831101190476191,0.7317708333333333,0.8199404761904763,0.7978794642857142,0.037022930293112474,50.0,Random Forest,20,sqrt,2.0,10.0,300.0,,,,
1.4667562007904054,0.09043202745505796,0.16919341087341308,0.03176787225819107,,,"{'max_depth': 20, 'max_features': 'sqrt', 'min_samples_leaf': 2, 'min_samples_split': 10, 'n_estimators': 500}",0.8273809523809523,0.8197544642857142,0.7847842261904762,0.7282366071428571,0.8283110119047619,0.7976934523809524,0.03820045110982762,58.0,Random Forest,20,sqrt,2.0,10.0,500.0,,,,
0.35393285751342773,0.04681799331421544,0.07162303924560547,0.03052230610522241,,,"{'max_depth': 20, 'max_features': 'sqrt', 'min_samples_leaf': 4, 'min_samples_split': 2, 'n_estimators': 100}",0.8249627976190477,0.8125,0.7879464285714286,0.7209821428571428,0.8191964285714285,0.7931175595238095,0.03821037694647522,173.0,Random Forest,20,sqrt,4.0,2.0,100.0,,,,
0.7654600143432617,0.05124091183320479,0.12225046157836914,0.050624679354353934,,,"{'max_depth': 20, 'max_features': 'sqrt', 'min_samples_leaf': 4, 'min_samples_split': 2, 'n_estimators': 200}",0.827752976190476,0.8149181547619048,0.7872023809523809,0.7243303571428571,0.8245907738095238,0.7957589285714286,0.03846355587977989,110.0,Random Forest,20,sqrt,4.0,2.0,200.0,,,,
0.9533576011657715,0.1393300099595524,0.09973883628845215,0.013109434914278902,,,"{'max_depth': 20, 'max_features': 'sqrt', 'min_samples_leaf': 4, 'min_samples_split': 2, 'n_estimators': 300}",0.8307291666666667,0.8177083333333333,0.7905505952380952,0.7198660714285714,0.8307291666666666,0.7979166666666667,0.04169216906627968,45.0,Random Forest,20,sqrt,4.0,2.0,300.0,,,,
1.4462657928466798,0.0824290389749038,0.1768925666809082,0.07090877466158131,,,"{'max_depth': 20, 'max_features': 'sqrt', 'min_samples_leaf': 4, 'min_samples_split': 2, 'n_estimators': 500}",0.8312872023809523,0.8169642857142857,0.7877604166666667,0.7183779761904763,0.8296130952380952,0.7968005952380953,0.042200456511717166,83.0,Random Forest,20,sqrt,4.0,2.0,500.0,,,,
0.2932692050933838,0.05066155788379946,0.07063875198364258,0.02235944713154077,,,"{'max_depth': 20, 'max_features': 'sqrt', 'min_samples_leaf': 4, 'min_samples_split': 5, 'n_estimators': 100}",0.8249627976190477,0.8125,0.7879464285714286,0.7209821428571428,0.8191964285714285,0.7931175595238095,0.03821037694647522,173.0,Random Forest,20,sqrt,4.0,5.0,100.0,,,,
0.7337708950042725,0.026620967378560404,0.09611744880676269,0.030366133142188206,,,"{'max_depth': 20, 'max_features': 'sqrt', 'min_samples_leaf': 4, 'min_samples_split': 5, 'n_estimators': 200}",0.827752976190476,0.8149181547619048,0.7872023809523809,0.7243303571428571,0.8245907738095238,0.7957589285714286,0.03846355587977989,110.0,Random Forest,20,sqrt,4.0,5.0,200.0,,,,
0.9095742225646972,0.21303587001142402,0.13341565132141114,0.021041727872966622,,,"{'max_depth': 20, 'max_features': 'sqrt', 'min_samples_leaf': 4, 'min_samples_split': 5, 'n_estimators': 300}",0.8307291666666667,0.8177083333333333,0.7905505952380952,0.7198660714285714,0.8307291666666666,0.7979166666666667,0.04169216906627968,45.0,Random Forest,20,sqrt,4.0,5.0,300.0,,,,
1.3902390003204346,0.06753425299735803,0.16436963081359862,0.02747957165693127,,,"{'max_depth': 20, 'max_features': 'sqrt', 'min_samples_leaf': 4, 'min_samples_split': 5, 'n_estimators': 500}",0.8312872023809523,0.8169642857142857,0.7877604166666667,0.7183779761904763,0.8296130952380952,0.7968005952380953,0.042200456511717166,83.0,Random Forest,20,sqrt,4.0,5.0,500.0,,,,
0.352338171005249,0.07083382996655985,0.10096168518066406,0.03892770716985131,,,"{'max_depth': 20, 'max_features': 'sqrt', 'min_samples_leaf': 4, 'min_samples_split': 10, 'n_estimators': 100}",0.8154761904761906,0.8281250000000001,0.7764136904761905,0.7362351190476191,0.8186383928571429,0.7949776785714286,0.03427556932311222,133.0,Random Forest,20,sqrt,4.0,10.0,100.0,,,,
0.7597037792205811,0.07677289424067935,0.08069438934326172,0.019350343108746986,,,"{'max_depth': 20, 'max_features': 'sqrt', 'min_samples_leaf': 4, 'min_samples_split': 10, 'n_estimators': 200}",0.8180803571428572,0.8309151785714286,0.7780877976190476,0.7215401785714286,0.8212425595238095,0.7939732142857142,0.04046818843782537,157.0,Random Forest,20,sqrt,4.0,10.0,200.0,,,,
0.8662021636962891,0.142525081127003,0.13407649993896484,0.01929054170921783,,,"{'max_depth': 20, 'max_features': 'sqrt', 'min_samples_leaf': 4, 'min_samples_split': 10, 'n_estimators': 300}",0.8231026785714286,0.828125,0.7816220238095237,0.7213541666666666,0.8266369047619048,0.7961681547619047,0.04119168847565763,99.0,Random Forest,20,sqrt,4.0,10.0,300.0,,,,
1.4235735416412354,0.09100462505054446,0.1611572265625,0.018255674390045756,,,"{'max_depth': 20, 'max_features': 'sqrt', 'min_samples_leaf': 4, 'min_samples_split': 10, 'n_estimators': 500}",0.8240327380952381,0.8255208333333334,0.785342261904762,0.7209821428571429,0.8342633928571429,0.7980282738095238,0.04205258145971902,35.0,Random Forest,20,sqrt,4.0,10.0,500.0,,,,
0.30965847969055177,0.04701223230446768,0.0681908130645752,0.021681842397515128,,,"{'max_depth': 20, 'max_features': 'log2', 'min_samples_leaf': 1, 'min_samples_split': 2, 'n_estimators': 100}",0.8100818452380952,0.7886904761904762,0.7394903273809523,0.7385602678571428,0.8326822916666666,0.7819010416666666,0.03767248551205465,287.0,Random Forest,20,log2,1.0,2.0,100.0,,,,
0.7569411754608154,0.09931122877884269,0.10927257537841797,0.01886439260755403,,,"{'max_depth': 20, 'max_features': 'log2', 'min_samples_leaf': 1, 'min_samples_split': 2, 'n_estimators': 200}",0.8132440476190476,0.7966889880952381,0.753999255952381,0.7473958333333333,0.822172619047619,0.7867001488095238,0.030583751332316497,269.0,Random Forest,20,log2,1.0,2.0,200.0,,,,
0.9065045356750489,0.24216071056129587,0.09066162109375,0.012050224857555069,,,"{'max_depth': 20, 'max_features': 'log2', 'min_samples_leaf': 1, 'min_samples_split': 2, 'n_estimators': 300}",0.81640625,0.8031063988095238,0.755859375,0.7407924107142857,0.8214285714285714,0.7875186011904761,0.03290290336520545,261.0,Random Forest,20,log2,1.0,2.0,300.0,,,,
1.4885912895202638,0.125519652029522,0.14992117881774902,0.029947654821354086,,,"{'max_depth': 20, 'max_features': 'log2', 'min_samples_leaf': 1, 'min_samples_split': 2, 'n_estimators': 500}",0.820405505952381,0.797061011904762,0.7733444940476191,0.7421874999999999,0.822451636904762,0.7910900297619048,0.03028188114866246,211.0,Random Forest,20,log2,1.0,2.0,500.0,,,,
0.2977418899536133,0.041880691768581654,0.07491841316223144,0.035793614306956434,,,"{'max_depth': 20, 'max_features': 'log2', 'min_samples_leaf': 1, 'min_samples_split': 5, 'n_estimators': 100}",0.8257068452380952,0.8143601190476191,0.7819940476190477,0.7347470238095237,0.8177083333333333,0.7949032738095237,0.033564630533221035,137.0,Random Forest,20,log2,1.0,5.0,100.0,,,,
0.740747594833374,0.13453121955058683,0.09242568016052247,0.012728628165344622,,,"{'max_depth': 20, 'max_features': 'log2', 'min_samples_leaf': 1, 'min_samples_split': 5, 'n_estimators': 200}",0.8342633928571428,0.8061755952380953,0.7792038690476191,0.7323288690476191,0.8126860119047619,0.7929315476190476,0.03502884210569729,179.0,Random Forest,20,log2,1.0,5.0,200.0,,,,
0.9194770812988281,0.08503638880194278,0.12450084686279297,0.032684686278017114,,,"{'max_depth': 20, 'max_features': 'log2', 'min_samples_leaf': 1, 'min_samples_split': 5, 'n_estimators': 300}",0.8320312499999999,0.806547619047619,0.7786458333333333,0.7336309523809524,0.8138020833333333,0.7929315476190476,0.03426486718688322,179.0,Random Forest,20,log2,1.0,5.0,300.0,,,,
1.5144237518310546,0.020122139715451588,0.13703470230102538,0.008892920924929623,,,"{'max_depth': 20, 'max_features': 'log2', 'min_samples_leaf': 1, 'min_samples_split': 5, 'n_estimators': 500}",0.8270089285714286,0.8156622023809523,0.7832961309523809,0.7287946428571428,0.8190104166666666,0.7947544642857143,0.03618791690659006,144.0,Random Forest,20,log2,1.0,5.0,500.0,,,,
0.3112982749938965,0.026149294339627212,0.06575994491577149,0.01274798066536202,,,"{'max_depth': 20, 'max_features': 'log2', 'min_samples_leaf': 1, 'min_samples_split': 10, 'n_estimators': 100}",0.8255208333333334,0.8162202380952381,0.7821800595238095,0.7418154761904763,0.8255208333333333,0.7982514880952382,0.03241427035128911,27.0,Random Forest,20,log2,1.0,10.0,100.0,,,,
0.7194098472595215,0.08399357225189788,0.0803617000579834,0.013289707170430452,,,"{'max_depth': 20, 'max_features': 'log2', 'min_samples_leaf': 1, 'min_samples_split': 10, 'n_estimators': 200}",0.8286830357142857,0.8156622023809524,0.7849702380952381,0.7373511904761905,0.8227306547619048,0.7978794642857143,0.033802329819704435,49.0,Random Forest,20,log2,1.0,10.0,200.0,,,,
0.9324527263641358,0.17956603940508256,0.10258350372314454,0.008779423294778899,,,"{'max_depth': 20, 'max_features': 'log2', 'min_samples_leaf': 1, 'min_samples_split': 10, 'n_estimators': 300}",0.8307291666666667,0.8147321428571428,0.7834821428571428,0.7367931547619048,0.8258928571428571,0.7983258928571428,0.03488750344787367,24.0,Random Forest,20,log2,1.0,10.0,300.0,,,,
1.476052188873291,0.10964102163360133,0.15893712043762206,0.026715859622685207,,,"{'max_depth': 20, 'max_features': 'log2', 'min_samples_leaf': 1, 'min_samples_split': 10, 'n_estimators': 500}",0.828311011904762,0.81640625,0.7857142857142857,0.7306547619047619,0.8273809523809523,0.7976934523809524,0.03689617285563832,58.0,Random Forest,20,log2,1.0,10.0,500.0,,,,
0.2855827808380127,0.025371576425103234,0.06792688369750977,0.009806018558717473,,,"{'max_depth': 20, 'max_features': 'log2', 'min_samples_leaf': 2, 'min_samples_split': 2, 'n_estimators': 100}",0.822358630952381,0.8102678571428571,0.7912946428571428,0.7393973214285714,0.8169642857142857,0.7960565476190476,0.030212044180356952,101.0,Random Forest,20,log2,2.0,2.0,100.0,,,,
0.685359001159668,0.08599094016751604,0.09301795959472656,0.019291295180745377,,,"{'max_depth': 20, 'max_features': 'log2', 'min_samples_leaf': 2, 'min_samples_split': 2, 'n_estimators': 200}",0.8324032738095237,0.8216145833333334,0.7950148809523809,0.7421875,0.8188244047619048,0.8020089285714287,0.03230627858182377,3.0,Random Forest,20,log2,2.0,2.0,200.0,,,,
0.9060549736022949,0.17316677660482563,0.09940891265869141,0.010233754835217858,,,"{'max_depth': 20, 'max_features': 'log2', 'min_samples_leaf': 2, 'min_samples_split': 2, 'n_estimators': 300}",0.8324032738095238,0.8117559523809523,0.7868303571428571,0.7449776785714286,0.8199404761904762,0.7991815476190476,0.03093006041874289,15.0,Random Forest,20,log2,2.0,2.0,300.0,,,,
1.482835292816162,0.09991430031706203,0.15177373886108397,0.03314169890872574,,,"{'max_depth': 20, 'max_features': 'log2', 'min_samples_leaf': 2, 'min_samples_split': 2, 'n_estimators': 500}",0.8301711309523809,0.8177083333333334,0.7840401785714286,0.7377232142857143,0.8273809523809523,0.7994047619047621,0.034942642037095524,11.0,Random Forest,20,log2,2.0,2.0,500.0,,,,
0.3043407917022705,0.03336290058612179,0.057858753204345706,0.003267241551817136,,,"{'max_depth': 20, 'max_features': 'log2', 'min_samples_leaf': 2, 'min_samples_split': 5, 'n_estimators': 100}",0.8191964285714286,0.8218005952380952,0.7857142857142857,0.7260044642857142,0.8138020833333334,0.7933035714285714,0.03602631395857612,168.0,Random Forest,20,log2,2.0,5.0,100.0,,,,
0.7090623378753662,0.09424152863178206,0.09367141723632813,0.01520861388493217,,,"{'max_depth': 20, 'max_features': 'log2', 'min_samples_leaf': 2, 'min_samples_split': 5, 'n_estimators': 200}",0.83203125,0.8182663690476191,0.7853422619047619,0.7313988095238095,0.8258928571428571,0.7985863095238096,0.03725877422238559,20.0,Random Forest,20,log2,2.0,5.0,200.0,,,,
0.9244512557983399,0.1758171332284165,0.1355294704437256,0.023288606206459034,,,"{'max_depth': 20, 'max_features': 'log2', 'min_samples_leaf': 2, 'min_samples_split': 5, 'n_estimators': 300}",0.8344494047619048,0.8173363095238094,0.7816220238095238,0.7276785714285714,0.8232886904761905,0.796875,0.038856101541252526,82.0,Random Forest,20,log2,2.0,5.0,300.0,,,,
1.4859408855438232,0.12379456243656936,0.1387819766998291,0.010481552369992478,,,"{'max_depth': 20, 'max_features': 'log2', 'min_samples_leaf': 2, 'min_samples_split': 5, 'n_estimators': 500}",0.8331473214285714,0.8229166666666666,0.7873883928571429,0.7297247023809523,0.8232886904761906,0.7992931547619048,0.03810893221362768,14.0,Random Forest,20,log2,2.0,5.0,500.0,,,,
0.3121172904968262,0.033522839492755994,0.08644189834594726,0.02637021102862444,,,"{'max_depth': 20, 'max_features': 'log2', 'min_samples_leaf': 2, 'min_samples_split': 10, 'n_estimators': 100}",0.8249627976190476,0.841703869047619,0.7801339285714286,0.7252604166666666,0.8385416666666666,0.8021205357142855,0.04428543051664395,2.0,Random Forest,20,log2,2.0,10.0,100.0,,,,
0.7029724597930909,0.07055048003818815,0.0824507713317871,0.013515500249956475,,,"{'max_depth': 20, 'max_features': 'log2', 'min_samples_leaf': 2, 'min_samples_split': 10, 'n_estimators': 200}",0.8355654761904762,0.8238467261904762,0.7911086309523809,0.7234002976190476,0.8297991071428571,0.8007440476190475,0.041630179070632746,6.0,Random Forest,20,log2,2.0,10.0,200.0,,,,
0.8717410087585449,0.12045484111736117,0.10650115013122559,0.01597774962861847,,,"{'max_depth': 20, 'max_features': 'log2', 'min_samples_leaf': 2, 'min_samples_split': 10, 'n_estimators': 300}",0.8320312499999999,0.8175223214285714,0.7868303571428571,0.7243303571428571,0.8316592261904762,0.7984747023809524,0.040553769261974376,22.0,Random Forest,20,log2,2.0,10.0,300.0,,,,
1.4603662490844727,0.04831556066464219,0.13133478164672852,0.01522530703460206,,,"{'max_depth': 20, 'max_features': 'log2', 'min_samples_leaf': 2, 'min_samples_split': 10, 'n_estimators': 500}",0.8297991071428571,0.8177083333333334,0.7842261904761904,0.7260044642857143,0.832217261904762,0.7979910714285714,0.039858492754011654,37.0,Random Forest,20,log2,2.0,10.0,500.0,,,,
0.2922020435333252,0.014643777275338244,0.059309768676757815,0.010747580360746585,,,"{'max_depth': 20, 'max_features': 'log2', 'min_samples_leaf': 4, 'min_samples_split': 2, 'n_estimators': 100}",0.8290550595238095,0.822358630952381,0.7797619047619048,0.7103794642857142,0.8154761904761905,0.79140625,0.04394490996445779,204.0,Random Forest,20,log2,4.0,2.0,100.0,,,,
0.738167142868042,0.10002201005738562,0.09451427459716796,0.023416767448892706,,,"{'max_depth': 20, 'max_features': 'log2', 'min_samples_leaf': 4, 'min_samples_split': 2, 'n_estimators': 200}",0.8245907738095238,0.8292410714285715,0.7803199404761905,0.7213541666666667,0.8216145833333334,0.7954241071428572,0.04097490572013672,121.0,Random Forest,20,log2,4.0,2.0,200.0,,,,
0.8807132244110107,0.15635574733049296,0.10635576248168946,0.01105545641672306,,,"{'max_depth': 20, 'max_features': 'log2', 'min_samples_leaf': 4, 'min_samples_split': 2, 'n_estimators': 300}",0.8294270833333334,0.822172619047619,0.7771577380952381,0.7235863095238095,0.8218005952380952,0.7948288690476191,0.04014962581682787,139.0,Random Forest,20,log2,4.0,2.0,300.0,,,,
1.439682388305664,0.10078708028789508,0.14487247467041015,0.011383867270285276,,,"{'max_depth': 20, 'max_features': 'log2', 'min_samples_leaf': 4, 'min_samples_split': 2, 'n_estimators': 500}",0.8268229166666667,0.824032738095238,0.7859002976190477,0.7193080357142857,0.820126488095238,0.7952380952380953,0.0407399874929293,126.0,Random Forest,20,log2,4.0,2.0,500.0,,,,
0.33977470397949217,0.04120598822940418,0.0681119441986084,0.0198516407248858,,,"{'max_depth': 20, 'max_features': 'log2', 'min_samples_leaf': 4, 'min_samples_split': 5, 'n_estimators': 100}",0.8290550595238095,0.822358630952381,0.7797619047619048,0.7103794642857142,0.8154761904761905,0.79140625,0.04394490996445779,204.0,Random Forest,20,log2,4.0,5.0,100.0,,,,
0.7543974399566651,0.05462187198072066,0.07884178161621094,0.005521297033962066,,,"{'max_depth': 20, 'max_features': 'log2', 'min_samples_leaf': 4, 'min_samples_split': 5, 'n_estimators': 200}",0.8245907738095238,0.8292410714285715,0.7803199404761905,0.7213541666666667,0.8216145833333334,0.7954241071428572,0.04097490572013672,121.0,Random Forest,20,log2,4.0,5.0,200.0,,,,
0.9024011611938476,0.12492075424797364,0.1314140796661377,0.031734831911054334,,,"{'max_depth': 20, 'max_features': 'log2', 'min_samples_leaf': 4, 'min_samples_split': 5, 'n_estimators': 300}",0.8294270833333334,0.822172619047619,0.7771577380952381,0.7235863095238095,0.8218005952380952,0.7948288690476191,0.04014962581682787,139.0,Random Forest,20,log2,4.0,5.0,300.0,,,,
1.449643039703369,0.10833582728508206,0.1276862621307373,0.006269686938407749,,,"{'max_depth': 20, 'max_features': 'log2', 'min_samples_leaf': 4, 'min_samples_split': 5, 'n_estimators': 500}",0.8268229166666667,0.824032738095238,0.7859002976190477,0.7193080357142857,0.820126488095238,0.7952380952380953,0.0407399874929293,126.0,Random Forest,20,log2,4.0,5.0,500.0,,,,
0.2982743740081787,0.030864888861069795,0.06828665733337402,0.013064617037887126,,,"{'max_depth': 20, 'max_features': 'log2', 'min_samples_leaf': 4, 'min_samples_split': 10, 'n_estimators': 100}",0.8342633928571428,0.8281249999999999,0.7756696428571428,0.7289806547619048,0.8229166666666666,0.7979910714285714,0.04026339288464209,37.0,Random Forest,20,log2,4.0,10.0,100.0,,,,
0.7019719123840332,0.030272591482863404,0.07544822692871093,0.00816911848252088,,,"{'max_depth': 20, 'max_features': 'log2', 'min_samples_leaf': 4, 'min_samples_split': 10, 'n_estimators': 200}",0.8253348214285714,0.8290550595238095,0.779203869047619,0.7202380952380953,0.8249627976190477,0.7957589285714286,0.04198499256935447,110.0,Random Forest,20,log2,4.0,10.0,200.0,,,,
0.9110116481781005,0.13628327833361625,0.07649097442626954,0.008190554256308028,,,"{'max_depth': 20, 'max_features': 'log2', 'min_samples_leaf': 4, 'min_samples_split': 10, 'n_estimators': 300}",0.8296130952380953,0.828125,0.7818080357142857,0.7265625,0.8236607142857143,0.7979538690476191,0.039826777792188905,40.0,Random Forest,20,log2,4.0,10.0,300.0,,,,
1.1916499614715577,0.014426621576766755,0.08222508430480957,0.018453788565975262,,,"{'max_depth': 20, 'max_features': 'log2', 'min_samples_leaf': 4, 'min_samples_split': 10, 'n_estimators': 500}",0.8292410714285715,0.8268229166666666,0.7885044642857142,0.7213541666666666,0.8273809523809524,0.7986607142857143,0.04155134578089179,19.0,Random Forest,20,log2,4.0,10.0,500.0,,,,
2.351413106918335,0.0037276209234812585,0.00936284065246582,0.0009887433848853548,,,"{'colsample_bytree': 0.8, 'learning_rate': 0.01, 'max_depth': 3, 'min_child_weight': 1, 'n_estimators': 100, 'subsample': 0.8}",0.8277529761904763,0.8031994047619048,0.7509300595238095,0.6804315476190476,0.7865513392857143,0.7697730654761905,0.05118098545914731,288.0,XGBoost,3,,,,100.0,0.8,0.01,1.0,0.8
2.343136262893677,0.0055612193623913635,0.009498929977416993,0.0011662661915794333,,,"{'colsample_bytree': 0.8, 'learning_rate': 0.01, 'max_depth': 3, 'min_child_weight': 1, 'n_estimators': 100, 'subsample': 1.0}",0.8154761904761905,0.8056175595238095,0.7397693452380951,0.666201636904762,0.7727864583333334,0.759970238095238,0.053906346279367814,319.0,XGBoost,3,,,,100.0,0.8,0.01,1.0,1.0
1.0261891841888429,1.115197553013684,0.008225059509277344,0.0008453995046915603,,,"{'colsample_bytree': 0.8, 'learning_rate': 0.01, 'max_depth': 3, 'min_child_weight': 1, 'n_estimators': 200, 'subsample': 0.8}",0.8305431547619048,0.8072916666666667,0.775483630952381,0.6880580357142857,0.8056175595238095,0.7813988095238095,0.049839028811477816,184.0,XGBoost,3,,,,200.0,0.8,0.01,1.0,0.8
0.12358131408691406,0.015877277683880354,0.009115314483642578,0.0015515076649719878,,,"{'colsample_bytree': 0.8, 'learning_rate': 0.01, 'max_depth': 3, 'min_child_weight': 1, 'n_estimators': 200, 'subsample': 1.0}",0.8297991071428571,0.8076636904761905,0.7632068452380951,0.6756882440476191,0.7921316964285714,0.7736979166666667,0.05358503542267789,264.0,XGBoost,3,,,,200.0,0.8,0.01,1.0,1.0
0.18773036003112792,0.018637217202478896,0.007814407348632812,0.001111915332284333,,,"{'colsample_bytree': 0.8, 'learning_rate': 0.01, 'max_depth': 3, 'min_child_weight': 1, 'n_estimators': 300, 'subsample': 0.8}",0.8311011904761905,0.8087797619047619,0.7834821428571429,0.699032738095238,0.8072916666666667,0.7859375,0.045991292047093006,124.0,XGBoost,3,,,,300.0,0.8,0.01,1.0,0.8
0.17053604125976562,0.02625031281469151,0.00951976776123047,0.0010291692760678965,,,"{'colsample_bytree': 0.8, 'learning_rate': 0.01, 'max_depth': 3, 'min_child_weight': 1, 'n_estimators': 300, 'subsample': 1.0}",0.8268229166666667,0.8104538690476191,0.7741815476190476,0.6848958333333334,0.7938988095238095,0.7780505952380953,0.04974466118522493,224.0,XGBoost,3,,,,300.0,0.8,0.01,1.0,1.0
0.06677522659301757,0.00515322856768209,0.008829450607299805,0.0007919260302324706,,,"{'colsample_bytree': 0.8, 'learning_rate': 0.01, 'max_depth': 3, 'min_child_weight': 3, 'n_estimators': 100, 'subsample': 0.8}",0.8314732142857143,0.8009672619047619,0.7486979166666666,0.6759672619047619,0.7877604166666666,0.7689732142857142,0.05356122277951036,292.0,XGBoost,3,,,,100.0,0.8,0.01,3.0,0.8
0.06995720863342285,0.005148903133007251,0.010644054412841797,0.003086879165033633,,,"{'colsample_bytree': 0.8, 'learning_rate': 0.01, 'max_depth': 3, 'min_child_weight': 3, 'n_estimators': 100, 'subsample': 1.0}",0.8244977678571428,0.8058035714285714,0.7433965773809523,0.6609933035714285,0.7831101190476191,0.7635602678571428,0.05797694172833583,313.0,XGBoost,3,,,,100.0,0.8,0.01,3.0,1.0
0.11453666687011718,0.006981854803849141,0.00869612693786621,0.0007693822648921202,,,"{'colsample_bytree': 0.8, 'learning_rate': 0.01, 'max_depth': 3, 'min_child_weight': 3, 'n_estimators': 200, 'subsample': 0.8}",0.8366815476190477,0.8110119047619048,0.7762276785714286,0.6852678571428571,0.8035714285714286,0.7825520833333334,0.05231824151271711,161.0,XGBoost,3,,,,200.0,0.8,0.01,3.0,0.8
0.11021904945373535,0.006375145960631102,0.009167766571044922,0.0021092800394798255,,,"{'colsample_bytree': 0.8, 'learning_rate': 0.01, 'max_depth': 3, 'min_child_weight': 3, 'n_estimators': 200, 'subsample': 1.0}",0.8366815476190476,0.8097098214285714,0.7671130952380952,0.6685267857142857,0.7952008928571429,0.7754464285714285,0.05799174635621515,248.0,XGBoost,3,,,,200.0,0.8,0.01,3.0,1.0
0.14879965782165527,0.004084395795595688,0.010377740859985352,0.003085829660599033,,,"{'colsample_bytree': 0.8, 'learning_rate': 0.01, 'max_depth': 3, 'min_child_weight': 3, 'n_estimators': 300, 'subsample': 0.8}",0.8402157738095237,0.8108258928571428,0.7844122023809523,0.6941964285714286,0.8009672619047619,0.7861235119047618,0.04941666635298719,114.0,XGBoost,3,,,,300.0,0.8,0.01,3.0,0.8
0.15129680633544923,0.011857285580102746,0.009616804122924805,0.0022943183778821276,,,"{'colsample_bytree': 0.8, 'learning_rate': 0.01, 'max_depth': 3, 'min_child_weight': 3, 'n_estimators': 300, 'subsample': 1.0}",0.8383556547619048,0.8093377976190477,0.7808779761904762,0.675967261904762,0.7957589285714285,0.7800595238095238,0.05538591222307372,211.0,XGBoost,3,,,,300.0,0.8,0.01,3.0,1.0
0.06346282958984376,0.005770327713602208,0.008861970901489259,0.003816562343875198,,,"{'colsample_bytree': 0.8, 'learning_rate': 0.01, 'max_depth': 3, 'min_child_weight': 5, 'n_estimators': 100, 'subsample': 0.8}",0.8284970238095237,0.7998511904761905,0.75390625,0.6698288690476191,0.7922247023809524,0.7688616071428572,0.0549430929911946,293.0,XGBoost,3,,,,100.0,0.8,0.01,5.0,0.8
0.06342043876647949,0.005866149764448898,0.009050559997558594,0.0013165281232883233,,,"{'colsample_bytree': 0.8, 'learning_rate': 0.01, 'max_depth': 3, 'min_child_weight': 5, 'n_estimators': 100, 'subsample': 1.0}",0.8214285714285714,0.8061755952380952,0.7306547619047618,0.6583891369047619,0.7826450892857143,0.7598586309523809,0.05933677716878934,320.0,XGBoost,3,,,,100.0,0.8,0.01,5.0,1.0
0.1097181797027588,0.005271023000526573,0.009619522094726562,0.0014941737159855386,,,"{'colsample_bytree': 0.8, 'learning_rate': 0.01, 'max_depth': 3, 'min_child_weight': 5, 'n_estimators': 200, 'subsample': 0.8}",0.832217261904762,0.8076636904761906,0.7741815476190476,0.6808035714285715,0.8058035714285715,0.7801339285714286,0.052974413928210805,208.0,XGBoost,3,,,,200.0,0.8,0.01,5.0,0.8
0.1091163158416748,0.010948892187744834,0.009015703201293945,0.001153840931143563,,,"{'colsample_bytree': 0.8, 'learning_rate': 0.01, 'max_depth': 3, 'min_child_weight': 5, 'n_estimators': 200, 'subsample': 1.0}",0.8280319940476191,0.8115699404761905,0.7663690476190476,0.6702008928571428,0.7972470238095238,0.7746837797619047,0.05603843186283458,258.0,XGBoost,3,,,,200.0,0.8,0.01,5.0,1.0
0.15233097076416016,0.0095534980418004,0.008014202117919922,0.0007879258558438955,,,"{'colsample_bytree': 0.8, 'learning_rate': 0.01, 'max_depth': 3, 'min_child_weight': 5, 'n_estimators': 300, 'subsample': 0.8}",0.8355654761904762,0.8046875,0.7827380952380952,0.6901041666666666,0.8080357142857143,0.7842261904761905,0.04996488899728827,142.0,XGBoost,3,,,,300.0,0.8,0.01,5.0,0.8
0.14642047882080078,0.01008614549734597,0.009096860885620117,0.002037599094906078,,,"{'colsample_bytree': 0.8, 'learning_rate': 0.01, 'max_depth': 3, 'min_child_weight': 5, 'n_estimators': 300, 'subsample': 1.0}",0.8257998511904763,0.8111979166666666,0.773251488095238,0.6830357142857143,0.7957589285714287,0.7778087797619049,0.050483439045850655,227.0,XGBoost,3,,,,300.0,0.8,0.01,5.0,1.0
0.0890589714050293,0.009912291249848913,0.008934307098388671,0.0010559887115465245,,,"{'colsample_bytree': 0.8, 'learning_rate': 0.01, 'max_depth': 5, 'min_child_weight': 1, 'n_estimators': 100, 'subsample': 0.8}",0.8454241071428571,0.810453869047619,0.7602306547619049,0.6960565476190477,0.8126860119047619,0.7849702380952381,0.052134328776358534,133.0,XGBoost,5,,,,100.0,0.8,0.01,1.0,0.8
0.08773283958435059,0.009674552800156527,0.008032703399658203,0.0013474324712515725,,,"{'colsample_bytree': 0.8, 'learning_rate': 0.01, 'max_depth': 5, 'min_child_weight': 1, 'n_estimators': 100, 'subsample': 1.0}",0.8342633928571428,0.8097098214285714,0.7436755952380952,0.6938244047619048,0.7985491071428572,0.7760044642857142,0.05066977942957609,243.0,XGBoost,5,,,,100.0,0.8,0.01,1.0,1.0
0.1591207504272461,0.012607452022452812,0.008652782440185547,0.0015025900292117132,,,"{'colsample_bytree': 0.8, 'learning_rate': 0.01, 'max_depth': 5, 'min_child_weight': 1, 'n_estimators': 200, 'subsample': 0.8}",0.8426339285714286,0.8113839285714286,0.7739955357142858,0.703125,0.8232886904761905,0.7908854166666668,0.049265055445689834,41.0,XGBoost,5,,,,200.0,0.8,0.01,1.0,0.8
0.16794075965881347,0.02225940635401634,0.009517478942871093,0.0016428797687355681,,,"{'colsample_bytree': 0.8, 'learning_rate': 0.01, 'max_depth': 5, 'min_child_weight': 1, 'n_estimators': 200, 'subsample': 1.0}",0.8312872023809524,0.8093377976190477,0.7472098214285715,0.7012648809523809,0.812686011904762,0.7803571428571429,0.04864819811365286,200.0,XGBoost,5,,,,200.0,0.8,0.01,1.0,1.0
0.22850613594055175,0.008177968472069369,0.008665847778320312,0.0007746023687536075,,,"{'colsample_bytree': 0.8, 'learning_rate': 0.01, 'max_depth': 5, 'min_child_weight': 1, 'n_estimators': 300, 'subsample': 0.8}",0.8441220238095238,0.8076636904761905,0.7883184523809524,0.7161458333333334,0.8245907738095238,0.7961681547619048,0.044056227541195175,6.0,XGBoost,5,,,,300.0,0.8,0.01,1.0,0.8
0.22635245323181152,0.018798691419048833,0.008797788619995117,0.0009211295259186306,,,"{'colsample_bytree': 0.8, 'learning_rate': 0.01, 'max_depth': 5, 'min_child_weight': 1, 'n_estimators': 300, 'subsample': 1.0}",0.8303571428571429,0.8098958333333333,0.76171875,0.6982886904761906,0.8136160714285715,0.7827752976190477,0.04802514709401064,158.0,XGBoost,5,,,,300.0,0.8,0.01,1.0,1.0
0.08450336456298828,0.0045706327207257775,0.007965898513793946,0.0013477830205254437,,,"{'colsample_bytree': 0.8, 'learning_rate': 0.01, 'max_depth': 5, 'min_child_weight': 3, 'n_estimators': 100, 'subsample': 0.8}",0.8411458333333334,0.8097098214285714,0.7537202380952381,0.6847098214285714,0.8117559523809522,0.7802083333333333,0.055498745821907586,206.0,XGBoost,5,,,,100.0,0.8,0.01,3.0,0.8
0.08126330375671387,0.009110787270992314,0.00779571533203125,0.0010689840189488094,,,"{'colsample_bytree': 0.8, 'learning_rate': 0.01, 'max_depth': 5, 'min_child_weight': 3, 'n_estimators': 100, 'subsample': 1.0}",0.8424479166666666,0.8102678571428572,0.7433035714285714,0.6746651785714286,0.8180803571428572,0.7777529761904762,0.061127417690327895,228.0,XGBoost,5,,,,100.0,0.8,0.01,3.0,1.0
0.1420677661895752,0.006088508288026745,0.008722782135009766,0.0010847996722101907,,,"{'colsample_bytree': 0.8, 'learning_rate': 0.01, 'max_depth': 5, 'min_child_weight': 3, 'n_estimators': 200, 'subsample': 0.8}",0.8443080357142857,0.80859375,0.7706473214285714,0.6947544642857143,0.8210565476190477,0.7878720238095237,0.05231289756890731,84.0,XGBoost,5,,,,200.0,0.8,0.01,3.0,0.8
0.13419384956359864,0.01021748927185714,0.008779191970825195,0.0009531658199790953,,,"{'colsample_bytree': 0.8, 'learning_rate': 0.01, 'max_depth': 5, 'min_child_weight': 3, 'n_estimators': 200, 'subsample': 1.0}",0.8409598214285715,0.8143601190476191,0.7513020833333334,0.6774553571428572,0.8253348214285715,0.7818824404761906,0.06045365155638534,176.0,XGBoost,5,,,,200.0,0.8,0.01,3.0,1.0
0.2101149559020996,0.013265914600682624,0.010480594635009766,0.0014338390225013312,,,"{'colsample_bytree': 0.8, 'learning_rate': 0.01, 'max_depth': 5, 'min_child_weight': 3, 'n_estimators': 300, 'subsample': 0.8}",0.8422619047619048,0.8108258928571428,0.7857142857142857,0.7070312500000001,0.8199404761904762,0.7931547619047619,0.04672017728406997,21.0,XGBoost,5,,,,300.0,0.8,0.01,3.0,0.8
0.1932358741760254,0.012703747988661874,0.009385251998901367,0.002144411493752524,,,"{'colsample_bytree': 0.8, 'learning_rate': 0.01, 'max_depth': 5, 'min_child_weight': 3, 'n_estimators': 300, 'subsample': 1.0}",0.8420758928571428,0.8138020833333333,0.7632068452380952,0.6848958333333333,0.8245907738095237,0.7857142857142856,0.056829361563743,127.0,XGBoost,5,,,,300.0,0.8,0.01,3.0,1.0
0.07138195037841796,0.003931623919640412,0.009409093856811523,0.0016548592019588833,,,"{'colsample_bytree': 0.8, 'learning_rate': 0.01, 'max_depth': 5, 'min_child_weight': 5, 'n_estimators': 100, 'subsample': 0.8}",0.8372395833333334,0.8110119047619049,0.7535342261904762,0.6705729166666666,0.8046875,0.7754092261904761,0.059020214372215205,249.0,XGBoost,5,,,,100.0,0.8,0.01,5.0,0.8
0.07414789199829101,0.0037911427988720887,0.007498025894165039,0.0007841502180767979,,,"{'colsample_bytree': 0.8, 'learning_rate': 0.01, 'max_depth': 5, 'min_child_weight': 5, 'n_estimators': 100, 'subsample': 1.0}",0.8311011904761906,0.8164062499999999,0.7423735119047619,0.6694568452380953,0.8028273809523809,0.7724330357142858,0.059677605442713014,276.0,XGBoost,5,,,,100.0,0.8,0.01,5.0,1.0
0.1374736785888672,0.008660264940521278,0.008879852294921876,0.0018827274641782727,,,"{'colsample_bytree': 0.8, 'learning_rate': 0.01, 'max_depth': 5, 'min_child_weight': 5, 'n_estimators': 200, 'subsample': 0.8}",0.8363095238095238,0.8111979166666667,0.7697172619047619,0.6850818452380953,0.8095238095238094,0.7823660714285714,0.05310918402858102,167.0,XGBoost,5,,,,200.0,0.8,0.01,5.0,0.8
0.1408872127532959,0.01404221571359212,0.009122610092163086,0.0008517790620028829,,,"{'colsample_bytree': 0.8, 'learning_rate': 0.01, 'max_depth': 5, 'min_child_weight': 5, 'n_estimators': 200, 'subsample': 1.0}",0.8301711309523809,0.8167782738095238,0.763764880952381,0.683407738095238,0.8125,0.7813244047619048,0.053871899383539416,188.0,XGBoost,5,,,,200.0,0.8,0.01,5.0,1.0
0.19291024208068847,0.008715216979549613,0.009464073181152343,0.0011178880619410862,,,"{'colsample_bytree': 0.8, 'learning_rate': 0.01, 'max_depth': 5, 'min_child_weight': 5, 'n_estimators': 300, 'subsample': 0.8}",0.8390997023809523,0.800967261904762,0.7792038690476191,0.6982886904761905,0.8141741071428571,0.7863467261904762,0.04811701934703825,105.0,XGBoost,5,,,,300.0,0.8,0.01,5.0,0.8
0.188217830657959,0.006916175393368603,0.009537982940673827,0.002361572689463097,,,"{'colsample_bytree': 0.8, 'learning_rate': 0.01, 'max_depth': 5, 'min_child_weight': 5, 'n_estimators': 300, 'subsample': 1.0}",0.8314732142857143,0.8160342261904762,0.7762276785714286,0.6886160714285714,0.8188244047619048,0.7862351190476191,0.05220375640427457,111.0,XGBoost,5,,,,300.0,0.8,0.01,5.0,1.0
0.1309884548187256,0.015200873547061686,0.014156484603881836,0.007323565298102126,,,"{'colsample_bytree': 0.8, 'learning_rate': 0.01, 'max_depth': 7, 'min_child_weight': 1, 'n_estimators': 100, 'subsample': 0.8}",0.8353794642857143,0.8139880952380952,0.7589285714285715,0.703125,0.8210565476190477,0.7864955357142858,0.0490928234894769,102.0,XGBoost,7,,,,100.0,0.8,0.01,1.0,0.8
0.12384119033813476,0.007247068120182141,0.009204578399658204,0.0014070159712002647,,,"{'colsample_bytree': 0.8, 'learning_rate': 0.01, 'max_depth': 7, 'min_child_weight': 1, 'n_estimators': 100, 'subsample': 1.0}",0.8309151785714286,0.820498511904762,0.7470238095238094,0.6953125,0.8020833333333334,0.7791666666666667,0.050943278376880105,218.0,XGBoost,7,,,,100.0,0.8,0.01,1.0,1.0
0.22266640663146972,0.012515531575263477,0.00861053466796875,0.0003284882488213753,,,"{'colsample_bytree': 0.8, 'learning_rate': 0.01, 'max_depth': 7, 'min_child_weight': 1, 'n_estimators': 200, 'subsample': 0.8}",0.8366815476190477,0.8115699404761905,0.7751116071428572,0.7111235119047619,0.8284970238095237,0.7925967261904762,0.045904029766486054,28.0,XGBoost,7,,,,200.0,0.8,0.01,1.0,0.8
0.2291816234588623,0.016199570789208712,0.009878587722778321,0.0005087717379820468,,,"{'colsample_bytree': 0.8, 'learning_rate': 0.01, 'max_depth': 7, 'min_child_weight': 1, 'n_estimators': 200, 'subsample': 1.0}",0.8337053571428571,0.818452380952381,0.7529761904761905,0.6865699404761905,0.8152901785714286,0.7813988095238097,0.054877912959102985,183.0,XGBoost,7,,,,200.0,0.8,0.01,1.0,1.0
0.3171018123626709,0.020933694358636134,0.011800146102905274,0.0024501543900789283,,,"{'colsample_bytree': 0.8, 'learning_rate': 0.01, 'max_depth': 7, 'min_child_weight': 1, 'n_estimators': 300, 'subsample': 0.8}",0.835751488095238,0.8058035714285714,0.7859002976190477,0.7217261904761905,0.828311011904762,0.7954985119047618,0.04083537100765768,8.0,XGBoost,7,,,,300.0,0.8,0.01,1.0,0.8
0.31990532875061034,0.019484129976319063,0.00975351333618164,0.0011916462290326698,,,"{'colsample_bytree': 0.8, 'learning_rate': 0.01, 'max_depth': 7, 'min_child_weight': 1, 'n_estimators': 300, 'subsample': 1.0}",0.8353794642857142,0.8128720238095238,0.7539062500000001,0.6923363095238096,0.8182663690476191,0.7825520833333334,0.05281100412652951,161.0,XGBoost,7,,,,300.0,0.8,0.01,1.0,1.0
0.10223603248596191,0.012241661003561718,0.008046579360961915,0.0013805984943801746,,,"{'colsample_bytree': 0.8, 'learning_rate': 0.01, 'max_depth': 7, 'min_child_weight': 3, 'n_estimators': 100, 'subsample': 0.8}",0.8404017857142857,0.8113839285714286,0.7529761904761905,0.6886160714285715,0.8082217261904762,0.7803199404761906,0.053871308489782915,202.0,XGBoost,7,,,,100.0,0.8,0.01,3.0,0.8
0.09715838432312011,0.008699232028693459,0.008524417877197266,0.0013472178549642877,,,"{'colsample_bytree': 0.8, 'learning_rate': 0.01, 'max_depth': 7, 'min_child_weight': 3, 'n_estimators': 100, 'subsample': 1.0}",0.8467261904761905,0.8098958333333334,0.7397693452380952,0.6694568452380952,0.8169642857142857,0.7765625,0.06401830422709218,237.0,XGBoost,7,,,,100.0,0.8,0.01,3.0,1.0
0.1647939682006836,0.01056715039196142,0.00838022232055664,0.001083136055140367,,,"{'colsample_bytree': 0.8, 'learning_rate': 0.01, 'max_depth': 7, 'min_child_weight': 3, 'n_estimators': 200, 'subsample': 0.8}",0.8387276785714286,0.8080357142857143,0.7697172619047619,0.7025669642857143,0.8216145833333334,0.7881324404761905,0.04845129891773261,78.0,XGBoost,7,,,,200.0,0.8,0.01,3.0,0.8
0.17325658798217775,0.012472112769042375,0.008669567108154298,0.00079703383626872,,,"{'colsample_bytree': 0.8, 'learning_rate': 0.01, 'max_depth': 7, 'min_child_weight': 3, 'n_estimators': 200, 'subsample': 1.0}",0.8390997023809524,0.8162202380952381,0.7518601190476191,0.6752232142857142,0.8255208333333334,0.7815848214285714,0.06104800761103224,180.0,XGBoost,7,,,,200.0,0.8,0.01,3.0,1.0
0.2374044895172119,0.01631156673261272,0.012317943572998046,0.003730932400073834,,,"{'colsample_bytree': 0.8, 'learning_rate': 0.01, 'max_depth': 7, 'min_child_weight': 3, 'n_estimators': 300, 'subsample': 0.8}",0.8390997023809523,0.8091517857142857,0.7860863095238095,0.7142857142857143,0.8232886904761905,0.7943824404761906,0.04367527835124758,13.0,XGBoost,7,,,,300.0,0.8,0.01,3.0,0.8
0.2450190544128418,0.012043646286842192,0.009549808502197266,0.0019879378892693864,,,"{'colsample_bytree': 0.8, 'learning_rate': 0.01, 'max_depth': 7, 'min_child_weight': 3, 'n_estimators': 300, 'subsample': 1.0}",0.8368675595238095,0.8147321428571428,0.7643229166666667,0.6858258928571428,0.8318452380952381,0.78671875,0.05659857803333411,97.0,XGBoost,7,,,,300.0,0.8,0.01,3.0,1.0
0.08147730827331542,0.009322158328830866,0.008393144607543946,0.0010862512645900596,,,"{'colsample_bytree': 0.8, 'learning_rate': 0.01, 'max_depth': 7, 'min_child_weight': 5, 'n_estimators': 100, 'subsample': 0.8}",0.8390997023809524,0.8074776785714286,0.7555803571428571,0.6685267857142857,0.8093377976190476,0.7760044642857142,0.060085404122077135,243.0,XGBoost,7,,,,100.0,0.8,0.01,5.0,0.8
0.09285221099853516,0.005004240160026499,0.009628677368164062,0.0011753834921953551,,,"{'colsample_bytree': 0.8, 'learning_rate': 0.01, 'max_depth': 7, 'min_child_weight': 5, 'n_estimators': 100, 'subsample': 1.0}",0.8325892857142857,0.8167782738095238,0.7433035714285714,0.6675967261904763,0.8024553571428571,0.7725446428571429,0.060540448533388504,274.0,XGBoost,7,,,,100.0,0.8,0.01,5.0,1.0
0.1555863380432129,0.003484719520582748,0.008573961257934571,0.0006802997383789782,,,"{'colsample_bytree': 0.8, 'learning_rate': 0.01, 'max_depth': 7, 'min_child_weight': 5, 'n_estimators': 200, 'subsample': 0.8}",0.8385416666666666,0.8082217261904762,0.7706473214285715,0.6800595238095238,0.8115699404761905,0.7818080357142858,0.05528015940438387,177.0,XGBoost,7,,,,200.0,0.8,0.01,5.0,0.8
0.15628843307495116,0.006203851737644989,0.009221744537353516,0.001028949836712454,,,"{'colsample_bytree': 0.8, 'learning_rate': 0.01, 'max_depth': 7, 'min_child_weight': 5, 'n_estimators': 200, 'subsample': 1.0}",0.8309151785714285,0.8136160714285714,0.7682291666666666,0.6871279761904763,0.812127976190476,0.7824032738095237,0.051941292283052026,166.0,XGBoost,7,,,,200.0,0.8,0.01,5.0,1.0
0.21636438369750977,0.007309530307849271,0.009644317626953124,0.001623080221961133,,,"{'colsample_bytree': 0.8, 'learning_rate': 0.01, 'max_depth': 7, 'min_child_weight': 5, 'n_estimators': 300, 'subsample': 0.8}",0.8405877976190477,0.7979910714285714,0.7808779761904762,0.6971726190476191,0.8136160714285714,0.7860491071428571,0.04858556888883468,118.0,XGBoost,7,,,,300.0,0.8,0.01,5.0,0.8
0.2153332233428955,0.009350186680228668,0.009688997268676757,0.00031409870600507093,,,"{'colsample_bytree': 0.8, 'learning_rate': 0.01, 'max_depth': 7, 'min_child_weight': 5, 'n_estimators': 300, 'subsample': 1.0}",0.8333333333333334,0.8072916666666666,0.7816220238095238,0.6988467261904762,0.81640625,0.7875,0.04737494984523699,88.0,XGBoost,7,,,,300.0,0.8,0.01,5.0,1.0
0.06076116561889648,0.006163997534954598,0.007379722595214844,0.0007927785004448372,,,"{'colsample_bytree': 0.8, 'learning_rate': 0.05, 'max_depth': 3, 'min_child_weight': 1, 'n_estimators': 100, 'subsample': 0.8}",0.8404017857142858,0.7946428571428571,0.7952008928571429,0.7068452380952381,0.8098958333333333,0.7893973214285713,0.044491994597483174,62.0,XGBoost,3,,,,100.0,0.8,0.05,1.0,0.8
0.05726008415222168,0.0019682389155661153,0.008300209045410156,0.0008403701101141912,,,"{'colsample_bytree': 0.8, 'learning_rate': 0.05, 'max_depth': 3, 'min_child_weight': 1, 'n_estimators': 100, 'subsample': 1.0}",0.8348214285714286,0.8108258928571429,0.7903645833333334,0.6917782738095237,0.8041294642857142,0.7863839285714287,0.04944609304574696,104.0,XGBoost,3,,,,100.0,0.8,0.05,1.0,1.0
0.11000781059265137,0.0055700027378243165,0.009979772567749023,0.004332372551131593,,,"{'colsample_bytree': 0.8, 'learning_rate': 0.05, 'max_depth': 3, 'min_child_weight': 1, 'n_estimators': 200, 'subsample': 0.8}",0.834077380952381,0.8015252976190477,0.8028273809523809,0.7150297619047619,0.8149181547619047,0.7936755952380953,0.04102216652969426,16.0,XGBoost,3,,,,200.0,0.8,0.05,1.0,0.8
0.10198607444763183,0.005396222840072445,0.010390377044677735,0.002000306261146381,,,"{'colsample_bytree': 0.8, 'learning_rate': 0.05, 'max_depth': 3, 'min_child_weight': 1, 'n_estimators': 200, 'subsample': 1.0}",0.8381696428571428,0.8134300595238096,0.7996651785714285,0.6973586309523809,0.8186383928571428,0.7934523809523809,0.04960984578155215,17.0,XGBoost,3,,,,200.0,0.8,0.05,1.0,1.0
0.15904054641723633,0.0036923294616252812,0.009415388107299805,0.0021985954978494472,,,"{'colsample_bytree': 0.8, 'learning_rate': 0.05, 'max_depth': 3, 'min_child_weight': 1, 'n_estimators': 300, 'subsample': 0.8}",0.8363095238095238,0.7948288690476191,0.8033854166666666,0.7148437500000001,0.8058035714285714,0.7910342261904761,0.0405953840134055,40.0,XGBoost,3,,,,300.0,0.8,0.05,1.0,0.8
0.14690661430358887,0.00800078378388293,0.009863805770874024,0.0013500327391817418,,,"{'colsample_bytree': 0.8, 'learning_rate': 0.05, 'max_depth': 3, 'min_child_weight': 1, 'n_estimators': 300, 'subsample': 1.0}",0.8350074404761904,0.8095238095238095,0.7994791666666666,0.7033110119047619,0.818266369047619,0.7931175595238095,0.0463941285647749,23.0,XGBoost,3,,,,300.0,0.8,0.05,1.0,1.0
0.06347379684448243,0.0022929476731958897,0.008828067779541015,0.001596273552831618,,,"{'colsample_bytree': 0.8, 'learning_rate': 0.05, 'max_depth': 3, 'min_child_weight': 3, 'n_estimators': 100, 'subsample': 0.8}",0.8338913690476191,0.8104538690476191,0.7938988095238095,0.703125,0.8113839285714285,0.7905505952380951,0.04552589593223022,49.0,XGBoost,3,,,,100.0,0.8,0.05,3.0,0.8
0.058535528182983396,0.0014865794776887649,0.010262823104858399,0.0013638406389405034,,,"{'colsample_bytree': 0.8, 'learning_rate': 0.05, 'max_depth': 3, 'min_child_weight': 3, 'n_estimators': 100, 'subsample': 1.0}",0.8398437499999999,0.8121279761904762,0.7905505952380952,0.699032738095238,0.8093377976190476,0.7901785714285714,0.048214486652653,51.0,XGBoost,3,,,,100.0,0.8,0.05,3.0,1.0
0.1158902645111084,0.010090503728202735,0.011290788650512695,0.0035635925575182004,,,"{'colsample_bytree': 0.8, 'learning_rate': 0.05, 'max_depth': 3, 'min_child_weight': 3, 'n_estimators': 200, 'subsample': 0.8}",0.8389136904761905,0.802827380952381,0.8069196428571428,0.7098214285714286,0.8186383928571428,0.7954241071428572,0.04459825400795852,9.0,XGBoost,3,,,,200.0,0.8,0.05,3.0,0.8
0.10118694305419922,0.0059490789417144235,0.009426212310791016,0.0011906729882180185,,,"{'colsample_bytree': 0.8, 'learning_rate': 0.05, 'max_depth': 3, 'min_child_weight': 3, 'n_estimators': 200, 'subsample': 1.0}",0.8411458333333334,0.8043154761904762,0.8030133928571429,0.703125,0.8152901785714286,0.7933779761904762,0.04715926772339275,18.0,XGBoost,3,,,,200.0,0.8,0.05,3.0,1.0
0.17322697639465331,0.0156252481799246,0.00903472900390625,0.0010340614643115143,,,"{'colsample_bytree': 0.8, 'learning_rate': 0.05, 'max_depth': 3, 'min_child_weight': 3, 'n_estimators': 300, 'subsample': 0.8}",0.8342633928571428,0.7944568452380952,0.8054315476190476,0.7064732142857144,0.8173363095238094,0.7915922619047618,0.04456134050698193,36.0,XGBoost,3,,,,300.0,0.8,0.05,3.0,0.8
0.15677552223205565,0.006760493976390013,0.008232784271240235,0.001209245950194865,,,"{'colsample_bytree': 0.8, 'learning_rate': 0.05, 'max_depth': 3, 'min_child_weight': 3, 'n_estimators': 300, 'subsample': 1.0}",0.8299851190476191,0.8022693452380952,0.8117559523809523,0.7061011904761905,0.8100818452380951,0.7920386904761905,0.0439185097543549,33.0,XGBoost,3,,,,300.0,0.8,0.05,3.0,1.0
0.07228341102600097,0.008171766545540912,0.011242008209228516,0.002811730436424246,,,"{'colsample_bytree': 0.8, 'learning_rate': 0.05, 'max_depth': 3, 'min_child_weight': 5, 'n_estimators': 100, 'subsample': 0.8}",0.8431919642857142,0.8002232142857143,0.7877604166666666,0.6995907738095238,0.8177083333333334,0.7896949404761904,0.04874429098534049,58.0,XGBoost,3,,,,100.0,0.8,0.05,5.0,0.8
0.06183876991271973,0.0035569917951034586,0.008663177490234375,0.0019065092027752547,,,"{'colsample_bytree': 0.8, 'learning_rate': 0.05, 'max_depth': 3, 'min_child_weight': 5, 'n_estimators': 100, 'subsample': 1.0}",0.8346354166666666,0.8043154761904762,0.797061011904762,0.7003348214285714,0.8084077380952381,0.7889508928571429,0.046087519155904484,67.0,XGBoost,3,,,,100.0,0.8,0.05,5.0,1.0
0.115277099609375,0.004002084188336117,0.009892797470092774,0.0027578004883900002,,,"{'colsample_bytree': 0.8, 'learning_rate': 0.05, 'max_depth': 3, 'min_child_weight': 5, 'n_estimators': 200, 'subsample': 0.8}",0.8374255952380952,0.7985491071428571,0.800595238095238,0.7016369047619048,0.8232886904761905,0.7922991071428571,0.04759049785897831,30.0,XGBoost,3,,,,200.0,0.8,0.05,5.0,0.8
0.11281361579895019,0.007648744109336153,0.009678792953491212,0.0022728540478746746,,,"{'colsample_bytree': 0.8, 'learning_rate': 0.05, 'max_depth': 3, 'min_child_weight': 5, 'n_estimators': 200, 'subsample': 1.0}",0.8338913690476191,0.80078125,0.8111979166666667,0.695126488095238,0.8080357142857143,0.7898065476190477,0.04861712132832258,54.0,XGBoost,3,,,,200.0,0.8,0.05,5.0,1.0
0.16400833129882814,0.004522299933401729,0.008548402786254882,0.0010726917158821962,,,"{'colsample_bytree': 0.8, 'learning_rate': 0.05, 'max_depth': 3, 'min_child_weight': 5, 'n_estimators': 300, 'subsample': 0.8}",0.8368675595238095,0.7879464285714286,0.7950148809523809,0.6953125,0.8162202380952381,0.7862723214285714,0.04859975293488264,110.0,XGBoost,3,,,,300.0,0.8,0.05,5.0,0.8
0.1562051773071289,0.007766806698291236,0.010736846923828125,0.002307755798278613,,,"{'colsample_bytree': 0.8, 'learning_rate': 0.05, 'max_depth': 3, 'min_child_weight': 5, 'n_estimators': 300, 'subsample': 1.0}",0.8338913690476191,0.7911086309523809,0.8033854166666666,0.691778273809524,0.7996651785714286,0.7839657738095239,0.0483026178646012,148.0,XGBoost,3,,,,300.0,0.8,0.05,5.0,1.0
0.09216623306274414,0.007402193509655465,0.00828399658203125,0.0013585150103641397,,,"{'colsample_bytree': 0.8, 'learning_rate': 0.05, 'max_depth': 5, 'min_child_weight': 1, 'n_estimators': 100, 'subsample': 0.8}",0.8532366071428571,0.8119419642857143,0.7991071428571429,0.71875,0.8294270833333333,0.8024925595238095,0.04563769388032222,1.0,XGBoost,5,,,,100.0,0.8,0.05,1.0,0.8
0.08444318771362305,0.0028474689919128784,0.0084320068359375,0.0003975018371335454,,,"{'colsample_bytree': 0.8, 'learning_rate': 0.05, 'max_depth': 5, 'min_child_weight': 1, 'n_estimators': 100, 'subsample': 1.0}",0.8366815476190476,0.8020833333333334,0.7726934523809523,0.7101934523809523,0.8177083333333334,0.7878720238095238,0.044133628422531684,82.0,XGBoost,5,,,,100.0,0.8,0.05,1.0,1.0
0.153060245513916,0.005759895869281276,0.00990281105041504,0.0014562083639628727,,,"{'colsample_bytree': 0.8, 'learning_rate': 0.05, 'max_depth': 5, 'min_child_weight': 1, 'n_estimators': 200, 'subsample': 0.8}",0.8422619047619048,0.8091517857142857,0.7976190476190477,0.7260044642857143,0.8247767857142858,0.7999627976190476,0.03991168802743101,2.0,XGBoost,5,,,,200.0,0.8,0.05,1.0,0.8
0.14380407333374023,0.0044832194797321395,0.009484434127807617,0.0016002221920031318,,,"{'colsample_bytree': 0.8, 'learning_rate': 0.05, 'max_depth': 5, 'min_child_weight': 1, 'n_estimators': 200, 'subsample': 1.0}",0.8500744047619048,0.7940848214285714,0.78125,0.7135416666666666,0.8225446428571428,0.7922991071428571,0.04600170305573239,30.0,XGBoost,5,,,,200.0,0.8,0.05,1.0,1.0
0.20931239128112794,0.01192976290438025,0.009121847152709962,0.0009067961273976893,,,"{'colsample_bytree': 0.8, 'learning_rate': 0.05, 'max_depth': 5, 'min_child_weight': 1, 'n_estimators': 300, 'subsample': 0.8}",0.8405877976190476,0.8013392857142857,0.7937127976190476,0.7194940476190477,0.8113839285714285,0.7933035714285714,0.0401877676314339,20.0,XGBoost,5,,,,300.0,0.8,0.05,1.0,0.8
0.1874622344970703,0.009660312436604764,0.008770084381103516,0.0018827849260359434,,,"{'colsample_bytree': 0.8, 'learning_rate': 0.05, 'max_depth': 5, 'min_child_weight': 1, 'n_estimators': 300, 'subsample': 1.0}",0.8465401785714285,0.7873883928571429,0.7818080357142857,0.7139136904761905,0.816220238095238,0.7891741071428571,0.0441450732274454,65.0,XGBoost,5,,,,300.0,0.8,0.05,1.0,1.0
0.0799138069152832,0.004684346790391703,0.008953237533569336,0.0011583711720498915,,,"{'colsample_bytree': 0.8, 'learning_rate': 0.05, 'max_depth': 5, 'min_child_weight': 3, 'n_estimators': 100, 'subsample': 0.8}",0.8489583333333333,0.7996651785714286,0.7866443452380952,0.7066592261904762,0.816220238095238,0.7916294642857143,0.04733005569570403,35.0,XGBoost,5,,,,100.0,0.8,0.05,3.0,0.8
0.07189416885375977,0.00348972971748554,0.007988262176513671,0.0010564949864863872,,,"{'colsample_bytree': 0.8, 'learning_rate': 0.05, 'max_depth': 5, 'min_child_weight': 3, 'n_estimators': 100, 'subsample': 1.0}",0.8439360119047619,0.80859375,0.7818080357142857,0.6941964285714286,0.824404761904762,0.7905877976190476,0.052311019122359845,47.0,XGBoost,5,,,,100.0,0.8,0.05,3.0,1.0
0.14217572212219237,0.01335309881946226,0.008762836456298828,0.00228636071760384,,,"{'colsample_bytree': 0.8, 'learning_rate': 0.05, 'max_depth': 5, 'min_child_weight': 3, 'n_estimators': 200, 'subsample': 0.8}",0.849516369047619,0.7855282738095238,0.7879464285714286,0.7066592261904762,0.8121279761904762,0.7883556547619047,0.046879044846271076,75.0,XGBoost,5,,,,200.0,0.8,0.05,3.0,0.8
0.12623219490051268,0.014390844900577637,0.00811142921447754,0.0007989218168048979,,,"{'colsample_bytree': 0.8, 'learning_rate': 0.05, 'max_depth': 5, 'min_child_weight': 3, 'n_estimators': 200, 'subsample': 1.0}",0.8394717261904763,0.7922247023809523,0.7925967261904762,0.6964285714285714,0.824032738095238,0.7889508928571429,0.04973425450939953,67.0,XGBoost,5,,,,200.0,0.8,0.05,3.0,1.0
0.21292805671691895,0.015910188012570815,0.009452390670776366,0.0010069525341706467,,,"{'colsample_bytree': 0.8, 'learning_rate': 0.05, 'max_depth': 5, 'min_child_weight': 3, 'n_estimators': 300, 'subsample': 0.8}",0.8457961309523809,0.7821800595238096,0.7793898809523808,0.7003348214285715,0.8080357142857143,0.7831473214285716,0.04778549893960834,154.0,XGBoost,5,,,,300.0,0.8,0.05,3.0,0.8
0.19053177833557128,0.009682487694913991,0.010411787033081054,0.0009290801256968748,,,"{'colsample_bytree': 0.8, 'learning_rate': 0.05, 'max_depth': 5, 'min_child_weight': 3, 'n_estimators': 300, 'subsample': 1.0}",0.8377976190476191,0.7777157738095238,0.7877604166666666,0.6928943452380952,0.8231026785714286,0.7838541666666666,0.05055090407057631,150.0,XGBoost,5,,,,300.0,0.8,0.05,3.0,1.0
0.08128852844238281,0.010191927749041018,0.007381820678710937,0.0006152355765527769,,,"{'colsample_bytree': 0.8, 'learning_rate': 0.05, 'max_depth': 5, 'min_child_weight': 5, 'n_estimators': 100, 'subsample': 0.8}",0.8506324404761905,0.7935267857142857,0.7842261904761905,0.7061011904761906,0.8191964285714286,0.7907366071428573,0.04818878845211809,43.0,XGBoost,5,,,,100.0,0.8,0.05,5.0,0.8
0.07822709083557129,0.006188477617953955,0.008079290390014648,0.0015348232722932971,,,"{'colsample_bytree': 0.8, 'learning_rate': 0.05, 'max_depth': 5, 'min_child_weight': 5, 'n_estimators': 100, 'subsample': 1.0}",0.8342633928571429,0.8201264880952381,0.7872023809523809,0.7066592261904763,0.8262648809523809,0.7949032738095239,0.04693675660698903,11.0,XGBoost,5,,,,100.0,0.8,0.05,5.0,1.0
0.1317521572113037,0.007156674123184325,0.008908414840698242,0.0013415774134674426,,,"{'colsample_bytree': 0.8, 'learning_rate': 0.05, 'max_depth': 5, 'min_child_weight': 5, 'n_estimators': 200, 'subsample': 0.8}",0.8418898809523809,0.7892485119047619,0.7914806547619048,0.7001488095238095,0.8102678571428571,0.7866071428571428,0.04716308277313145,99.0,XGBoost,5,,,,200.0,0.8,0.05,5.0,0.8
0.12261366844177246,0.008415194972967888,0.008024120330810547,0.001271922783002007,,,"{'colsample_bytree': 0.8, 'learning_rate': 0.05, 'max_depth': 5, 'min_child_weight': 5, 'n_estimators': 200, 'subsample': 1.0}",0.8331473214285714,0.8013392857142857,0.7890624999999999,0.7034970238095237,0.8171502976190476,0.7888392857142856,0.045175915963195076,70.0,XGBoost,5,,,,200.0,0.8,0.05,5.0,1.0
0.18611502647399902,0.013276028031780155,0.009860658645629882,0.0015527455638339545,,,"{'colsample_bytree': 0.8, 'learning_rate': 0.05, 'max_depth': 5, 'min_child_weight': 5, 'n_estimators': 300, 'subsample': 0.8}",0.837983630952381,0.7808779761904762,0.7799479166666666,0.6988467261904762,0.7991071428571428,0.7793526785714285,0.04541303039061354,216.0,XGBoost,5,,,,300.0,0.8,0.05,5.0,0.8
0.17301483154296876,0.009096064955656973,0.009660863876342773,0.001719810354714327,,,"{'colsample_bytree': 0.8, 'learning_rate': 0.05, 'max_depth': 5, 'min_child_weight': 5, 'n_estimators': 300, 'subsample': 1.0}",0.8301711309523809,0.7885044642857143,0.77734375,0.7075892857142858,0.8136160714285715,0.7834449404761906,0.04221501553979608,153.0,XGBoost,5,,,,300.0,0.8,0.05,5.0,1.0
0.10598726272583008,0.00518697829925209,0.008258676528930664,0.000585169921157828,,,"{'colsample_bytree': 0.8, 'learning_rate': 0.05, 'max_depth': 7, 'min_child_weight': 1, 'n_estimators': 100, 'subsample': 0.8}",0.8311011904761904,0.7961309523809523,0.7825520833333333,0.7176339285714285,0.8357514880952381,0.7926339285714286,0.04260921721099342,27.0,XGBoost,7,,,,100.0,0.8,0.05,1.0,0.8
0.10878114700317383,0.004769564468423767,0.008174943923950195,0.001281768503641697,,,"{'colsample_bytree': 0.8, 'learning_rate': 0.05, 'max_depth': 7, 'min_child_weight': 1, 'n_estimators': 100, 'subsample': 1.0}",0.8262648809523809,0.8071056547619048,0.7730654761904762,0.7018229166666666,0.8203125,0.7857142857142857,0.04581862516206463,126.0,XGBoost,7,,,,100.0,0.8,0.05,1.0,1.0
0.20145645141601562,0.012934203760172796,0.009986591339111329,0.0012276890687951633,,,"{'colsample_bytree': 0.8, 'learning_rate': 0.05, 'max_depth': 7, 'min_child_weight': 1, 'n_estimators': 200, 'subsample': 0.8}",0.8229166666666666,0.7896205357142856,0.7834821428571428,0.7129836309523809,0.8212425595238095,0.7860491071428571,0.03988910691995496,118.0,XGBoost,7,,,,200.0,0.8,0.05,1.0,0.8
0.17499852180480957,0.00782915541885891,0.008756685256958007,0.0008103469125455481,,,"{'colsample_bytree': 0.8, 'learning_rate': 0.05, 'max_depth': 7, 'min_child_weight': 1, 'n_estimators': 200, 'subsample': 1.0}",0.830171130952381,0.7944568452380952,0.7792038690476191,0.7133556547619048,0.8210565476190476,0.7876488095238094,0.04137961816818636,86.0,XGBoost,7,,,,200.0,0.8,0.05,1.0,1.0
0.26875863075256345,0.015197998323423658,0.01090703010559082,0.002455118124331181,,,"{'colsample_bytree': 0.8, 'learning_rate': 0.05, 'max_depth': 7, 'min_child_weight': 1, 'n_estimators': 300, 'subsample': 0.8}",0.8204985119047619,0.7859002976190477,0.7760416666666666,0.7077752976190476,0.81640625,0.7813244047619048,0.04055530499080024,188.0,XGBoost,7,,,,300.0,0.8,0.05,1.0,0.8
0.25355849266052244,0.02480754896344332,0.01078038215637207,0.0009116818385924379,,,"{'colsample_bytree': 0.8, 'learning_rate': 0.05, 'max_depth': 7, 'min_child_weight': 1, 'n_estimators': 300, 'subsample': 1.0}",0.8327752976190477,0.7845982142857143,0.7786458333333334,0.7167038690476191,0.8171502976190476,0.7859747023809524,0.04004065145518362,121.0,XGBoost,7,,,,300.0,0.8,0.05,1.0,1.0
0.09114909172058105,0.01244005859920527,0.011125516891479493,0.0030110815999423728,,,"{'colsample_bytree': 0.8, 'learning_rate': 0.05, 'max_depth': 7, 'min_child_weight': 3, 'n_estimators': 100, 'subsample': 0.8}",0.8454241071428571,0.7952008928571429,0.7706473214285714,0.7081473214285714,0.8204985119047619,0.7879836309523809,0.04708099107713205,81.0,XGBoost,7,,,,100.0,0.8,0.05,3.0,0.8
0.0891653060913086,0.005874712324623813,0.008504486083984375,0.0019395861832901648,,,"{'colsample_bytree': 0.8, 'learning_rate': 0.05, 'max_depth': 7, 'min_child_weight': 3, 'n_estimators': 100, 'subsample': 1.0}",0.8376116071428572,0.8121279761904763,0.7702752976190476,0.7007068452380953,0.8208705357142857,0.7883184523809523,0.04910742469255342,76.0,XGBoost,7,,,,100.0,0.8,0.05,3.0,1.0
0.15511484146118165,0.00896509104330006,0.008847808837890625,0.0014697469866643807,,,"{'colsample_bytree': 0.8, 'learning_rate': 0.05, 'max_depth': 7, 'min_child_weight': 3, 'n_estimators': 200, 'subsample': 0.8}",0.8510044642857144,0.7825520833333334,0.7749255952380952,0.7092633928571429,0.8173363095238095,0.7870163690476192,0.04738231122984164,93.0,XGBoost,7,,,,200.0,0.8,0.05,3.0,0.8
0.14491162300109864,0.007335100888572608,0.008834648132324218,0.001480875157713273,,,"{'colsample_bytree': 0.8, 'learning_rate': 0.05, 'max_depth': 7, 'min_child_weight': 3, 'n_estimators': 200, 'subsample': 1.0}",0.8351934523809523,0.7946428571428571,0.7810639880952381,0.697358630952381,0.820126488095238,0.7856770833333333,0.048042579178797964,128.0,XGBoost,7,,,,200.0,0.8,0.05,3.0,1.0
0.2250206470489502,0.016108883123070857,0.01002044677734375,0.001730805578542941,,,"{'colsample_bytree': 0.8, 'learning_rate': 0.05, 'max_depth': 7, 'min_child_weight': 3, 'n_estimators': 300, 'subsample': 0.8}",0.8452380952380952,0.7806919642857144,0.7593005952380952,0.701078869047619,0.8102678571428571,0.7793154761904763,0.048635991744712906,217.0,XGBoost,7,,,,300.0,0.8,0.05,3.0,0.8
0.2139897346496582,0.014042380792085727,0.009426641464233398,0.0008540159813321081,,,"{'colsample_bytree': 0.8, 'learning_rate': 0.05, 'max_depth': 7, 'min_child_weight': 3, 'n_estimators': 300, 'subsample': 1.0}",0.8340773809523809,0.7823660714285714,0.7713913690476191,0.6943824404761906,0.8126860119047619,0.7789806547619047,0.04774435359501157,219.0,XGBoost,7,,,,300.0,0.8,0.05,3.0,1.0
0.08037376403808594,0.007240428211415707,0.008572769165039063,0.0016360126504064393,,,"{'colsample_bytree': 0.8, 'learning_rate': 0.05, 'max_depth': 7, 'min_child_weight': 5, 'n_estimators': 100, 'subsample': 0.8}",0.8532366071428571,0.7862723214285714,0.7872023809523809,0.6988467261904762,0.8182663690476192,0.788764880952381,0.05122669244218058,71.0,XGBoost,7,,,,100.0,0.8,0.05,5.0,0.8
0.08524055480957031,0.0041973410974088425,0.008044052124023437,0.001353004748652598,,,"{'colsample_bytree': 0.8, 'learning_rate': 0.05, 'max_depth': 7, 'min_child_weight': 5, 'n_estimators': 100, 'subsample': 1.0}",0.8430059523809522,0.7991071428571428,0.7857142857142857,0.7068452380952381,0.8197544642857143,0.7908854166666666,0.04627539550294602,42.0,XGBoost,7,,,,100.0,0.8,0.05,5.0,1.0
0.15062351226806642,0.008861663905166763,0.008595514297485351,0.0003171379162968987,,,"{'colsample_bytree': 0.8, 'learning_rate': 0.05, 'max_depth': 7, 'min_child_weight': 5, 'n_estimators': 200, 'subsample': 0.8}",0.8461681547619047,0.7808779761904762,0.7898065476190476,0.6981026785714286,0.8054315476190476,0.7840773809523809,0.048468492069202,145.0,XGBoost,7,,,,200.0,0.8,0.05,5.0,0.8
0.14406399726867675,0.010237415204435447,0.009667015075683594,0.002554818343082154,,,"{'colsample_bytree': 0.8, 'learning_rate': 0.05, 'max_depth': 7, 'min_child_weight': 5, 'n_estimators': 200, 'subsample': 1.0}",0.8364955357142857,0.7938988095238094,0.7842261904761905,0.7064732142857143,0.8125,0.78671875,0.0439078884881209,97.0,XGBoost,7,,,,200.0,0.8,0.05,5.0,1.0
0.20359396934509277,0.012256667772881676,0.008693075180053711,0.0013710504755144824,,,"{'colsample_bytree': 0.8, 'learning_rate': 0.05, 'max_depth': 7, 'min_child_weight': 5, 'n_estimators': 300, 'subsample': 0.8}",0.8372395833333334,0.7756696428571429,0.7801339285714285,0.6901041666666666,0.7992931547619048,0.7764880952380951,0.0483465802846455,239.0,XGBoost,7,,,,300.0,0.8,0.05,5.0,0.8
0.18632473945617675,0.008028124242323787,0.009192800521850586,0.001527038480812963,,,"{'colsample_bytree': 0.8, 'learning_rate': 0.05, 'max_depth': 7, 'min_child_weight': 5, 'n_estimators': 300, 'subsample': 1.0}",0.830171130952381,0.7799479166666666,0.7827380952380952,0.7018229166666666,0.8104538690476191,0.7810267857142856,0.043722912330284296,193.0,XGBoost,7,,,,300.0,0.8,0.05,5.0,1.0
0.061771297454833986,0.0036386616819555876,0.008295488357543946,0.0018542960158293583,,,"{'colsample_bytree': 0.8, 'learning_rate': 0.1, 'max_depth': 3, 'min_child_weight': 1, 'n_estimators': 100, 'subsample': 0.8}",0.8307291666666666,0.7940848214285715,0.8087797619047618,0.7044270833333333,0.82421875,0.7924479166666666,0.04580811211790339,29.0,XGBoost,3,,,,100.0,0.8,0.1,1.0,0.8
0.06345758438110352,0.007006930800336886,0.008282661437988281,0.0013725295621456776,,,"{'colsample_bytree': 0.8, 'learning_rate': 0.1, 'max_depth': 3, 'min_child_weight': 1, 'n_estimators': 100, 'subsample': 1.0}",0.8372395833333335,0.8111979166666666,0.8028273809523809,0.7096354166666666,0.8160342261904763,0.7953869047619048,0.04435453771536664,10.0,XGBoost,3,,,,100.0,0.8,0.1,1.0,1.0
0.11772718429565429,0.009946674746991334,0.009501218795776367,0.0018895779676513583,,,"{'colsample_bytree': 0.8, 'learning_rate': 0.1, 'max_depth': 3, 'min_child_weight': 1, 'n_estimators': 200, 'subsample': 0.8}",0.828125,0.7879464285714286,0.8080357142857143,0.7172619047619048,0.8180803571428572,0.7918898809523809,0.03960933848595284,34.0,XGBoost,3,,,,200.0,0.8,0.1,1.0,0.8
0.10162167549133301,0.0049661149614371155,0.008556699752807618,0.0007565829840682605,,,"{'colsample_bytree': 0.8, 'learning_rate': 0.1, 'max_depth': 3, 'min_child_weight': 1, 'n_estimators': 200, 'subsample': 1.0}",0.8273809523809524,0.8013392857142857,0.7907366071428571,0.7167038690476191,0.8206845238095238,0.7913690476190476,0.039575115789065876,38.0,XGBoost,3,,,,200.0,0.8,0.1,1.0,1.0
0.16043558120727539,0.01012486931481849,0.007704544067382813,0.0010640756115580347,,,"{'colsample_bytree': 0.8, 'learning_rate': 0.1, 'max_depth': 3, 'min_child_weight': 1, 'n_estimators': 300, 'subsample': 0.8}",0.8307291666666666,0.7810639880952381,0.7996651785714286,0.7113095238095238,0.8005952380952382,0.784672619047619,0.03998669322977454,138.0,XGBoost,3,,,,300.0,0.8,0.1,1.0,0.8
0.15202131271362304,0.00866898823394764,0.009402608871459961,0.0017674857830866553,,,"{'colsample_bytree': 0.8, 'learning_rate': 0.1, 'max_depth': 3, 'min_child_weight': 1, 'n_estimators': 300, 'subsample': 1.0}",0.8275669642857143,0.7868303571428572,0.7832961309523809,0.720610119047619,0.8167782738095238,0.7870163690476191,0.03729285872709951,94.0,XGBoost,3,,,,300.0,0.8,0.1,1.0,1.0
0.06484613418579102,0.007954116990743935,0.008363771438598632,0.001531166529298165,,,"{'colsample_bytree': 0.8, 'learning_rate': 0.1, 'max_depth': 3, 'min_child_weight': 3, 'n_estimators': 100, 'subsample': 0.8}",0.8301711309523808,0.7769717261904762,0.8004092261904762,0.716703869047619,0.8219866071428572,0.7892485119047619,0.04070491333401264,64.0,XGBoost,3,,,,100.0,0.8,0.1,3.0,0.8
0.05669708251953125,0.004773775098940373,0.007909202575683593,0.0012764453219950588,,,"{'colsample_bytree': 0.8, 'learning_rate': 0.1, 'max_depth': 3, 'min_child_weight': 3, 'n_estimators': 100, 'subsample': 1.0}",0.8351934523809524,0.8191964285714285,0.8171502976190477,0.7025669642857143,0.8143601190476191,0.7976934523809525,0.04811241695608033,4.0,XGBoost,3,,,,100.0,0.8,0.1,3.0,1.0
0.10814447402954101,0.009261240278698051,0.010174179077148437,0.0033658487216126232,,,"{'colsample_bytree': 0.8, 'learning_rate': 0.1, 'max_depth': 3, 'min_child_weight': 3, 'n_estimators': 200, 'subsample': 0.8}",0.8232886904761905,0.7687872023809524,0.7924107142857143,0.7122395833333334,0.8169642857142857,0.7827380952380952,0.04018459914000386,160.0,XGBoost,3,,,,200.0,0.8,0.1,3.0,0.8
0.10576519966125489,0.01579262775318927,0.007807445526123047,0.0008844987574760601,,,"{'colsample_bytree': 0.8, 'learning_rate': 0.1, 'max_depth': 3, 'min_child_weight': 3, 'n_estimators': 200, 'subsample': 1.0}",0.8314732142857143,0.8028273809523809,0.8171502976190476,0.7033110119047619,0.8121279761904762,0.7933779761904762,0.045976694612889786,18.0,XGBoost,3,,,,200.0,0.8,0.1,3.0,1.0
0.14651427268981934,0.010161237445296203,0.007400655746459961,0.00039380146309045844,,,"{'colsample_bytree': 0.8, 'learning_rate': 0.1, 'max_depth': 3, 'min_child_weight': 3, 'n_estimators': 300, 'subsample': 0.8}",0.8167782738095238,0.7674851190476191,0.787202380952381,0.7021949404761905,0.8005952380952381,0.7748511904761906,0.039765255898043785,255.0,XGBoost,3,,,,300.0,0.8,0.1,3.0,0.8
0.1444732666015625,0.010617855128453068,0.00899519920349121,0.0019275765135174467,,,"{'colsample_bytree': 0.8, 'learning_rate': 0.1, 'max_depth': 3, 'min_child_weight': 3, 'n_estimators': 300, 'subsample': 1.0}",0.82421875,0.7883184523809524,0.8106398809523809,0.6949404761904762,0.8078497023809524,0.7851934523809525,0.046559994805835676,131.0,XGBoost,3,,,,300.0,0.8,0.1,3.0,1.0
0.0582118034362793,0.002493865412452246,0.008434200286865234,0.0018642384312652224,,,"{'colsample_bytree': 0.8, 'learning_rate': 0.1, 'max_depth': 3, 'min_child_weight': 5, 'n_estimators': 100, 'subsample': 0.8}",0.8307291666666666,0.7935267857142857,0.7918526785714286,0.701078869047619,0.8253348214285713,0.7885044642857142,0.046516813417517386,74.0,XGBoost,3,,,,100.0,0.8,0.1,5.0,0.8
0.055779027938842776,0.00333997621011832,0.007674503326416016,0.0015017802563912193,,,"{'colsample_bytree': 0.8, 'learning_rate': 0.1, 'max_depth': 3, 'min_child_weight': 5, 'n_estimators': 100, 'subsample': 1.0}",0.8348214285714285,0.7983630952380952,0.793154761904762,0.6984747023809524,0.8093377976190477,0.7868303571428571,0.046453098251079336,96.0,XGBoost,3,,,,100.0,0.8,0.1,5.0,1.0
0.10892376899719239,0.009602429438441615,0.00869922637939453,0.0022233227159012933,,,"{'colsample_bytree': 0.8, 'learning_rate': 0.1, 'max_depth': 3, 'min_child_weight': 5, 'n_estimators': 200, 'subsample': 0.8}",0.8331473214285714,0.7743675595238095,0.7821800595238095,0.709077380952381,0.8113839285714285,0.78203125,0.04208432915614736,173.0,XGBoost,3,,,,200.0,0.8,0.1,5.0,0.8
0.09760699272155762,0.010998014780630214,0.007852649688720703,0.0009437381809949,,,"{'colsample_bytree': 0.8, 'learning_rate': 0.1, 'max_depth': 3, 'min_child_weight': 5, 'n_estimators': 200, 'subsample': 1.0}",0.8264508928571429,0.7767857142857142,0.7838541666666667,0.7003348214285714,0.8011532738095237,0.7777157738095237,0.0423102467584515,229.0,XGBoost,3,,,,200.0,0.8,0.1,5.0,1.0
0.13798942565917968,0.001199417297230902,0.007705497741699219,0.0004832125611413708,,,"{'colsample_bytree': 0.8, 'learning_rate': 0.1, 'max_depth': 3, 'min_child_weight': 5, 'n_estimators': 300, 'subsample': 0.8}",0.8216145833333334,0.7739955357142857,0.7671130952380951,0.6988467261904762,0.8000372023809524,0.7723214285714286,0.04153658745021839,277.0,XGBoost,3,,,,300.0,0.8,0.1,5.0,0.8
0.14259910583496094,0.009603061652982733,0.00853109359741211,0.0013935319369690505,,,"{'colsample_bytree': 0.8, 'learning_rate': 0.1, 'max_depth': 3, 'min_child_weight': 5, 'n_estimators': 300, 'subsample': 1.0}",0.8257068452380952,0.7607886904761905,0.7771577380952381,0.6977306547619048,0.7935267857142858,0.7709821428571428,0.042452041007221976,286.0,XGBoost,3,,,,300.0,0.8,0.1,5.0,1.0
0.08078145980834961,0.00692304114385717,0.00873565673828125,0.001081061634275862,,,"{'colsample_bytree': 0.8, 'learning_rate': 0.1, 'max_depth': 5, 'min_child_weight': 1, 'n_estimators': 100, 'subsample': 0.8}",0.8232886904761905,0.7883184523809523,0.8058035714285714,0.7183779761904762,0.8175223214285715,0.7906622023809524,0.03806761693969195,45.0,XGBoost,5,,,,100.0,0.8,0.1,1.0,0.8
0.08240079879760742,0.0087343408874672,0.008472776412963868,0.0013995464539568422,,,"{'colsample_bytree': 0.8, 'learning_rate': 0.1, 'max_depth': 5, 'min_child_weight': 1, 'n_estimators': 100, 'subsample': 1.0}",0.8346354166666666,0.7886904761904762,0.7712053571428572,0.7105654761904763,0.8257068452380952,0.7861607142857143,0.044403593704711974,112.0,XGBoost,5,,,,100.0,0.8,0.1,1.0,1.0
0.14220280647277833,0.0061090065303950145,0.009288835525512695,0.0021017257839099457,,,"{'colsample_bytree': 0.8, 'learning_rate': 0.1, 'max_depth': 5, 'min_child_weight': 1, 'n_estimators': 200, 'subsample': 0.8}",0.8210565476190476,0.7892485119047619,0.7933407738095238,0.7135416666666667,0.8063616071428571,0.7847098214285715,0.037282391639588075,136.0,XGBoost,5,,,,200.0,0.8,0.1,1.0,0.8
0.13177666664123536,0.007746764599471073,0.008886146545410156,0.0014060827696007296,,,"{'colsample_bytree': 0.8, 'learning_rate': 0.1, 'max_depth': 5, 'min_child_weight': 1, 'n_estimators': 200, 'subsample': 1.0}",0.8428199404761905,0.7719494047619048,0.7857142857142857,0.7148437500000001,0.8152901785714286,0.7861235119047618,0.04323668972937508,114.0,XGBoost,5,,,,200.0,0.8,0.1,1.0,1.0
0.22237176895141603,0.008594384408073096,0.009949111938476562,0.0014582806435205653,,,"{'colsample_bytree': 0.8, 'learning_rate': 0.1, 'max_depth': 5, 'min_child_weight': 1, 'n_estimators': 300, 'subsample': 0.8}",0.8184523809523809,0.7786458333333333,0.7792038690476191,0.7105654761904762,0.7978050595238095,0.7769345238095238,0.03625531881721999,233.0,XGBoost,5,,,,300.0,0.8,0.1,1.0,0.8
0.1965306282043457,0.01579382604030614,0.009230852127075195,0.0011283989609756132,,,"{'colsample_bytree': 0.8, 'learning_rate': 0.1, 'max_depth': 5, 'min_child_weight': 1, 'n_estimators': 300, 'subsample': 1.0}",0.8402157738095238,0.7699032738095237,0.7838541666666666,0.7139136904761906,0.8132440476190477,0.7842261904761905,0.042722362937479635,142.0,XGBoost,5,,,,300.0,0.8,0.1,1.0,1.0
0.08169021606445312,0.006960407770780173,0.00881805419921875,0.0007649678237992242,,,"{'colsample_bytree': 0.8, 'learning_rate': 0.1, 'max_depth': 5, 'min_child_weight': 3, 'n_estimators': 100, 'subsample': 0.8}",0.8413318452380952,0.7937127976190476,0.796688988095238,0.6945684523809524,0.8095238095238095,0.7871651785714286,0.04927811709080431,90.0,XGBoost,5,,,,100.0,0.8,0.1,3.0,0.8
0.06692614555358886,0.0016738608993289268,0.007948350906372071,0.0007127349843905341,,,"{'colsample_bytree': 0.8, 'learning_rate': 0.1, 'max_depth': 5, 'min_child_weight': 3, 'n_estimators': 100, 'subsample': 1.0}",0.8333333333333333,0.7896205357142857,0.8151041666666666,0.7014508928571429,0.8249627976190476,0.7928943452380952,0.0480199882888593,25.0,XGBoost,5,,,,100.0,0.8,0.1,3.0,1.0
0.13056225776672364,0.006686195666789243,0.008899593353271484,0.0015145601036388112,,,"{'colsample_bytree': 0.8, 'learning_rate': 0.1, 'max_depth': 5, 'min_child_weight': 3, 'n_estimators': 200, 'subsample': 0.8}",0.8342633928571428,0.7872023809523809,0.7689732142857144,0.691220238095238,0.8011532738095237,0.7765625,0.04772463762967198,237.0,XGBoost,5,,,,200.0,0.8,0.1,3.0,0.8
0.12255339622497559,0.009422772023231307,0.009688425064086913,0.0014270117897695242,,,"{'colsample_bytree': 0.8, 'learning_rate': 0.1, 'max_depth': 5, 'min_child_weight': 3, 'n_estimators': 200, 'subsample': 1.0}",0.8337053571428572,0.76953125,0.7959449404761905,0.6917782738095238,0.8119419642857142,0.7805803571428571,0.049091301106376196,197.0,XGBoost,5,,,,200.0,0.8,0.1,3.0,1.0
0.1857593059539795,0.012256975269786065,0.008400630950927735,0.0017236750553496537,,,"{'colsample_bytree': 0.8, 'learning_rate': 0.1, 'max_depth': 5, 'min_child_weight': 3, 'n_estimators': 300, 'subsample': 0.8}",0.8245907738095237,0.7810639880952381,0.7540922619047619,0.6852678571428572,0.7920386904761905,0.7674107142857143,0.04687715532648799,300.0,XGBoost,5,,,,300.0,0.8,0.1,3.0,0.8
0.1715229034423828,0.014390970934907835,0.008545160293579102,0.0012357106567855197,,,"{'colsample_bytree': 0.8, 'learning_rate': 0.1, 'max_depth': 5, 'min_child_weight': 3, 'n_estimators': 300, 'subsample': 1.0}",0.8305431547619048,0.7602306547619048,0.7827380952380952,0.6878720238095237,0.8050595238095238,0.7732886904761904,0.0486688196340386,269.0,XGBoost,5,,,,300.0,0.8,0.1,3.0,1.0
0.07227072715759278,0.004311418996624598,0.008421564102172851,0.0011595251597762565,,,"{'colsample_bytree': 0.8, 'learning_rate': 0.1, 'max_depth': 5, 'min_child_weight': 5, 'n_estimators': 100, 'subsample': 0.8}",0.8407738095238095,0.7860863095238095,0.7689732142857143,0.6982886904761905,0.8087797619047618,0.7805803571428571,0.04765588697772591,197.0,XGBoost,5,,,,100.0,0.8,0.1,5.0,0.8
0.07342782020568847,0.004414360021738827,0.009850025177001953,0.00174810329022932,,,"{'colsample_bytree': 0.8, 'learning_rate': 0.1, 'max_depth': 5, 'min_child_weight': 5, 'n_estimators': 100, 'subsample': 1.0}",0.8400297619047619,0.7903645833333333,0.7860863095238095,0.6958705357142857,0.8072916666666666,0.7839285714285713,0.04794470466847075,149.0,XGBoost,5,,,,100.0,0.8,0.1,5.0,1.0
0.13589076995849608,0.024090516793581457,0.008762454986572266,0.0007467537025019401,,,"{'colsample_bytree': 0.8, 'learning_rate': 0.1, 'max_depth': 5, 'min_child_weight': 5, 'n_estimators': 200, 'subsample': 0.8}",0.8301711309523809,0.7752976190476191,0.7633928571428571,0.6986607142857143,0.7991071428571429,0.7733258928571429,0.04375727537094056,268.0,XGBoost,5,,,,200.0,0.8,0.1,5.0,0.8
0.11337509155273437,0.007526016492453047,0.009730768203735352,0.0030174066361234406,,,"{'colsample_bytree': 0.8, 'learning_rate': 0.1, 'max_depth': 5, 'min_child_weight': 5, 'n_estimators': 200, 'subsample': 1.0}",0.8327752976190477,0.7665550595238095,0.7706473214285714,0.6969866071428572,0.8031994047619048,0.7740327380952381,0.045397942159108334,263.0,XGBoost,5,,,,200.0,0.8,0.1,5.0,1.0
0.17834053039550782,0.009368595793532029,0.009335041046142578,0.0009591028800764635,,,"{'colsample_bytree': 0.8, 'learning_rate': 0.1, 'max_depth': 5, 'min_child_weight': 5, 'n_estimators': 300, 'subsample': 0.8}",0.8251488095238095,0.7639508928571428,0.7503720238095238,0.6901041666666666,0.7911086309523809,0.7641369047619048,0.04498950854212527,311.0,XGBoost,5,,,,300.0,0.8,0.1,5.0,0.8
0.17100462913513184,0.016029549680499577,0.009489011764526368,0.0015581726126360762,,,"{'colsample_bytree': 0.8, 'learning_rate': 0.1, 'max_depth': 5, 'min_child_weight': 5, 'n_estimators': 300, 'subsample': 1.0}",0.8227306547619049,0.7600446428571429,0.7540922619047619,0.6968005952380952,0.8030133928571429,0.7673363095238096,0.04369267203877605,301.0,XGBoost,5,,,,300.0,0.8,0.1,5.0,1.0
0.1078603744506836,0.005807689355625974,0.011980390548706055,0.003941571610227356,,,"{'colsample_bytree': 0.8, 'learning_rate': 0.1, 'max_depth': 7, 'min_child_weight': 1, 'n_estimators': 100, 'subsample': 0.8}",0.8258928571428571,0.7916666666666667,0.7823660714285714,0.7036830357142858,0.8242187500000001,0.7855654761904761,0.044435499333453206,130.0,XGBoost,7,,,,100.0,0.8,0.1,1.0,0.8
0.11041398048400879,0.009100698841831066,0.00941777229309082,0.0012725240325098,,,"{'colsample_bytree': 0.8, 'learning_rate': 0.1, 'max_depth': 7, 'min_child_weight': 1, 'n_estimators': 100, 'subsample': 1.0}",0.8392857142857143,0.7961309523809524,0.7630208333333333,0.7163318452380952,0.8151041666666667,0.7859747023809524,0.04282696988865902,121.0,XGBoost,7,,,,100.0,0.8,0.1,1.0,1.0
0.17525882720947267,0.004165993991619821,0.008757257461547851,0.0007908365846477395,,,"{'colsample_bytree': 0.8, 'learning_rate': 0.1, 'max_depth': 7, 'min_child_weight': 1, 'n_estimators': 200, 'subsample': 0.8}",0.8260788690476191,0.7860863095238095,0.78125,0.6981026785714286,0.8184523809523809,0.7819940476190477,0.04544830814205049,174.0,XGBoost,7,,,,200.0,0.8,0.1,1.0,0.8
0.18018956184387208,0.014910737564917478,0.009359121322631836,0.0010367298266145688,,,"{'colsample_bytree': 0.8, 'learning_rate': 0.1, 'max_depth': 7, 'min_child_weight': 1, 'n_estimators': 200, 'subsample': 1.0}",0.8415178571428572,0.7959449404761906,0.7684151785714286,0.7101934523809523,0.8154761904761905,0.7863095238095239,0.0449563336793576,107.0,XGBoost,7,,,,200.0,0.8,0.1,1.0,1.0
0.23196930885314943,0.008227782805352284,0.00873565673828125,0.0010863835193117154,,,"{'colsample_bytree': 0.8, 'learning_rate': 0.1, 'max_depth': 7, 'min_child_weight': 1, 'n_estimators': 300, 'subsample': 0.8}",0.8266369047619047,0.7844122023809524,0.7674851190476191,0.6940104166666666,0.8104538690476191,0.7765997023809523,0.046075865967321813,235.0,XGBoost,7,,,,300.0,0.8,0.1,1.0,0.8
0.22943973541259766,0.01577799924882242,0.010178804397583008,0.0012796154938822296,,,"{'colsample_bytree': 0.8, 'learning_rate': 0.1, 'max_depth': 7, 'min_child_weight': 1, 'n_estimators': 300, 'subsample': 1.0}",0.8344494047619049,0.7911086309523808,0.7639508928571428,0.7014508928571429,0.8126860119047618,0.7807291666666666,0.046003026830164634,195.0,XGBoost,7,,,,300.0,0.8,0.1,1.0,1.0
0.08628439903259277,0.0064686149036293555,0.008655405044555664,0.0020381934908741124,,,"{'colsample_bytree': 0.8, 'learning_rate': 0.1, 'max_depth': 7, 'min_child_weight': 3, 'n_estimators': 100, 'subsample': 0.8}",0.8370535714285714,0.7832961309523809,0.7782738095238096,0.6953125,0.8134300595238094,0.7814732142857143,0.04805755707467393,182.0,XGBoost,7,,,,100.0,0.8,0.1,3.0,0.8
0.08087339401245117,0.002257150015710027,0.01344761848449707,0.005640254641890923,,,"{'colsample_bytree': 0.8, 'learning_rate': 0.1, 'max_depth': 7, 'min_child_weight': 3, 'n_estimators': 100, 'subsample': 1.0}",0.840029761904762,0.7862723214285714,0.7641369047619048,0.7163318452380952,0.8257068452380952,0.7864955357142858,0.04433134744693837,102.0,XGBoost,7,,,,100.0,0.8,0.1,3.0,1.0
0.17530012130737305,0.0059801561185891415,0.010678958892822266,0.0008897156223238789,,,"{'colsample_bytree': 0.8, 'learning_rate': 0.1, 'max_depth': 7, 'min_child_weight': 3, 'n_estimators': 200, 'subsample': 0.8}",0.8225446428571429,0.7686011904761905,0.7628348214285714,0.6928943452380952,0.8082217261904763,0.7710193452380953,0.04520005082010132,284.0,XGBoost,7,,,,200.0,0.8,0.1,3.0,0.8
0.18765559196472167,0.023304696192244272,0.010068130493164063,0.0019528321725593824,,,"{'colsample_bytree': 0.8, 'learning_rate': 0.1, 'max_depth': 7, 'min_child_weight': 3, 'n_estimators': 200, 'subsample': 1.0}",0.8348214285714286,0.7671130952380952,0.7565104166666666,0.7059151785714286,0.8095238095238095,0.7747767857142855,0.04460275356445455,257.0,XGBoost,7,,,,200.0,0.8,0.1,3.0,1.0
0.21608853340148926,0.01638939667195364,0.009530305862426758,0.0015679516819640325,,,"{'colsample_bytree': 0.8, 'learning_rate': 0.1, 'max_depth': 7, 'min_child_weight': 3, 'n_estimators': 300, 'subsample': 0.8}",0.8154761904761906,0.7645089285714286,0.748139880952381,0.6934523809523809,0.8002232142857143,0.764360119047619,0.04287199540089308,310.0,XGBoost,7,,,,300.0,0.8,0.1,3.0,0.8
0.20015401840209962,0.02010518715118141,0.008573436737060547,0.000834911521260061,,,"{'colsample_bytree': 0.8, 'learning_rate': 0.1, 'max_depth': 7, 'min_child_weight': 3, 'n_estimators': 300, 'subsample': 1.0}",0.8279389880952381,0.7632068452380952,0.7414434523809523,0.7055431547619049,0.7978050595238095,0.7671875,0.04267740656825016,302.0,XGBoost,7,,,,300.0,0.8,0.1,3.0,1.0
0.08349523544311524,0.011084026900050812,0.009332609176635743,0.0016014957799671214,,,"{'colsample_bytree': 0.8, 'learning_rate': 0.1, 'max_depth': 7, 'min_child_weight': 5, 'n_estimators': 100, 'subsample': 0.8}",0.83984375,0.7903645833333333,0.7786458333333334,0.7075892857142857,0.8080357142857144,0.7848958333333333,0.04381780384235588,135.0,XGBoost,7,,,,100.0,0.8,0.1,5.0,0.8
0.0857823371887207,0.006202406346697612,0.008508539199829102,0.002091919153283554,,,"{'colsample_bytree': 0.8, 'learning_rate': 0.1, 'max_depth': 7, 'min_child_weight': 5, 'n_estimators': 100, 'subsample': 1.0}",0.8467261904761905,0.7795758928571428,0.7873883928571428,0.6867559523809524,0.8091517857142857,0.7819196428571429,0.05297736610018451,175.0,XGBoost,7,,,,100.0,0.8,0.1,5.0,1.0
0.1646724224090576,0.03566577512519494,0.010880517959594726,0.003927690867871674,,,"{'colsample_bytree': 0.8, 'learning_rate': 0.1, 'max_depth': 7, 'min_child_weight': 5, 'n_estimators': 200, 'subsample': 0.8}",0.8340773809523809,0.7831101190476191,0.7672991071428571,0.7029389880952381,0.7991071428571429,0.7773065476190476,0.043272526355263206,231.0,XGBoost,7,,,,200.0,0.8,0.1,5.0,0.8
0.13560562133789061,0.010429987636513127,0.008421373367309571,0.001444111574913517,,,"{'colsample_bytree': 0.8, 'learning_rate': 0.1, 'max_depth': 7, 'min_child_weight': 5, 'n_estimators': 200, 'subsample': 1.0}",0.8314732142857142,0.7674851190476191,0.76953125,0.6843377976190476,0.8017113095238095,0.7709077380952379,0.049244290133185716,287.0,XGBoost,7,,,,200.0,0.8,0.1,5.0,1.0
0.20999760627746583,0.010823389900190708,0.010022497177124024,0.0020665029202861017,,,"{'colsample_bytree': 0.8, 'learning_rate': 0.1, 'max_depth': 7, 'min_child_weight': 5, 'n_estimators': 300, 'subsample': 0.8}",0.8284970238095238,0.7799479166666666,0.7650669642857143,0.6999627976190477,0.7875744047619048,0.7722098214285714,0.04179677152195425,278.0,XGBoost,7,,,,300.0,0.8,0.1,5.0,0.8
0.18455924987792968,0.007991332435040204,0.009754610061645509,0.0014237439483050195,,,"{'colsample_bytree': 0.8, 'learning_rate': 0.1, 'max_depth': 7, 'min_child_weight': 5, 'n_estimators': 300, 'subsample': 1.0}",0.8268229166666666,0.7587425595238094,0.7507440476190476,0.6824776785714285,0.7959449404761905,0.7629464285714285,0.0486022589222947,314.0,XGBoost,7,,,,300.0,0.8,0.1,5.0,1.0
0.08080120086669922,0.037444153836923566,0.007579994201660156,0.0007375561175140844,,,"{'colsample_bytree': 1.0, 'learning_rate': 0.01, 'max_depth': 3, 'min_child_weight': 1, 'n_estimators': 100, 'subsample': 0.8}",0.8186383928571428,0.797247023809524,0.7373511904761906,0.6819196428571428,0.797061011904762,0.7664434523809524,0.050202073372351254,304.0,XGBoost,3,,,,100.0,1.0,0.01,1.0,0.8
0.062056446075439455,0.00626521602555981,0.007622766494750977,0.0007743226811962038,,,"{'colsample_bytree': 1.0, 'learning_rate': 0.01, 'max_depth': 3, 'min_child_weight': 1, 'n_estimators': 100, 'subsample': 1.0}",0.8038504464285714,0.7909226190476191,0.7101004464285714,0.6567150297619049,0.7885974702380953,0.7500372023809525,0.05719851250948664,323.0,XGBoost,3,,,,100.0,1.0,0.01,1.0,1.0
0.11283974647521973,0.004633413555059582,0.007686138153076172,0.0010524304666748251,,,"{'colsample_bytree': 1.0, 'learning_rate': 0.01, 'max_depth': 3, 'min_child_weight': 1, 'n_estimators': 200, 'subsample': 0.8}",0.8255208333333334,0.8072916666666665,0.767671130952381,0.6943824404761905,0.8059895833333334,0.7801711309523809,0.04685010322387331,207.0,XGBoost,3,,,,200.0,1.0,0.01,1.0,0.8
0.10597515106201172,0.008553535225266279,0.007617473602294922,0.0010480212970457431,,,"{'colsample_bytree': 1.0, 'learning_rate': 0.01, 'max_depth': 3, 'min_child_weight': 1, 'n_estimators': 200, 'subsample': 1.0}",0.826264880952381,0.7983630952380952,0.7572544642857143,0.6795014880952381,0.7936197916666666,0.7710007440476191,0.05074547950866922,285.0,XGBoost,3,,,,200.0,1.0,0.01,1.0,1.0
0.1533194065093994,0.003209036346474814,0.008214330673217774,0.001714707200598619,,,"{'colsample_bytree': 1.0, 'learning_rate': 0.01, 'max_depth': 3, 'min_child_weight': 1, 'n_estimators': 300, 'subsample': 0.8}",0.8299851190476191,0.8097098214285714,0.7780877976190476,0.6997767857142858,0.8059895833333333,0.7847098214285714,0.045574450290035776,137.0,XGBoost,3,,,,300.0,1.0,0.01,1.0,0.8
0.15049481391906738,0.010584922643717588,0.009345531463623047,0.002729647467144252,,,"{'colsample_bytree': 1.0, 'learning_rate': 0.01, 'max_depth': 3, 'min_child_weight': 1, 'n_estimators': 300, 'subsample': 1.0}",0.8223586309523809,0.8037574404761905,0.7667410714285714,0.6863839285714286,0.7992001488095238,0.7756882440476189,0.04811263270299135,245.0,XGBoost,3,,,,300.0,1.0,0.01,1.0,1.0
0.06618037223815917,0.004134433650995712,0.008774042129516602,0.0007898124192603123,,,"{'colsample_bytree': 1.0, 'learning_rate': 0.01, 'max_depth': 3, 'min_child_weight': 3, 'n_estimators': 100, 'subsample': 0.8}",0.8224516369047619,0.796875,0.7336309523809523,0.6826636904761906,0.8045014880952381,0.7680245535714286,0.052143300936494726,296.0,XGBoost,3,,,,100.0,1.0,0.01,3.0,0.8
0.0631871223449707,0.0046260781429473844,0.008154964447021485,0.0018237035842737811,,,"{'colsample_bytree': 1.0, 'learning_rate': 0.01, 'max_depth': 3, 'min_child_weight': 3, 'n_estimators': 100, 'subsample': 1.0}",0.8047805059523809,0.7917596726190477,0.7082403273809523,0.65234375,0.7920386904761905,0.7498325892857143,0.05965316232385016,324.0,XGBoost,3,,,,100.0,1.0,0.01,3.0,1.0
0.10892996788024903,0.005417656064102169,0.008092212677001952,0.0012820179703652865,,,"{'colsample_bytree': 1.0, 'learning_rate': 0.01, 'max_depth': 3, 'min_child_weight': 3, 'n_estimators': 200, 'subsample': 0.8}",0.8312872023809523,0.8063616071428572,0.7700892857142857,0.6915922619047619,0.8087797619047619,0.7816220238095238,0.04910108300453231,179.0,XGBoost,3,,,,200.0,1.0,0.01,3.0,0.8
0.10254912376403809,0.005350275900766997,0.008249330520629882,0.0013253212644186263,,,"{'colsample_bytree': 1.0, 'learning_rate': 0.01, 'max_depth': 3, 'min_child_weight': 3, 'n_estimators': 200, 'subsample': 1.0}",0.8322172619047619,0.8045014880952381,0.7611607142857143,0.6772693452380952,0.7966889880952381,0.7743675595238095,0.053582407315833816,259.0,XGBoost,3,,,,200.0,1.0,0.01,3.0,1.0
0.15799784660339355,0.014222857520682126,0.009428453445434571,0.0016287355396145046,,,"{'colsample_bytree': 1.0, 'learning_rate': 0.01, 'max_depth': 3, 'min_child_weight': 3, 'n_estimators': 300, 'subsample': 0.8}",0.8376116071428571,0.8067336309523809,0.7825520833333334,0.6977306547619048,0.8061755952380953,0.7861607142857143,0.047547728400510914,112.0,XGBoost,3,,,,300.0,1.0,0.01,3.0,0.8
0.1455146312713623,0.011564245889939649,0.009221506118774415,0.0018815467776837212,,,"{'colsample_bytree': 1.0, 'learning_rate': 0.01, 'max_depth': 3, 'min_child_weight': 3, 'n_estimators': 300, 'subsample': 1.0}",0.8357514880952381,0.8013392857142857,0.7728794642857142,0.6815476190476191,0.7997581845238094,0.7782552083333333,0.05231124401035998,223.0,XGBoost,3,,,,300.0,1.0,0.01,3.0,1.0
0.06012320518493652,0.002467232413763467,0.008897495269775391,0.0033386669491665658,,,"{'colsample_bytree': 1.0, 'learning_rate': 0.01, 'max_depth': 3, 'min_child_weight': 5, 'n_estimators': 100, 'subsample': 0.8}",0.8183593749999999,0.8000372023809523,0.7356770833333333,0.6744791666666666,0.7957589285714285,0.7648623511904761,0.05305600835186199,309.0,XGBoost,3,,,,100.0,1.0,0.01,5.0,0.8
0.064837646484375,0.006740486443232393,0.008183526992797851,0.0009379721239469826,,,"{'colsample_bytree': 1.0, 'learning_rate': 0.01, 'max_depth': 3, 'min_child_weight': 5, 'n_estimators': 100, 'subsample': 1.0}",0.8063616071428572,0.7938988095238095,0.7061941964285714,0.6582961309523809,0.7948288690476191,0.7519159226190476,0.05903144579773161,322.0,XGBoost,3,,,,100.0,1.0,0.01,5.0,1.0
0.12280507087707519,0.009668784468321343,0.010015773773193359,0.0030253728767739197,,,"{'colsample_bytree': 1.0, 'learning_rate': 0.01, 'max_depth': 3, 'min_child_weight': 5, 'n_estimators': 200, 'subsample': 0.8}",0.8311011904761905,0.8061755952380952,0.7680431547619048,0.6861979166666666,0.8018973214285714,0.7786830357142855,0.050416487682048636,221.0,XGBoost,3,,,,200.0,1.0,0.01,5.0,0.8
0.10195727348327636,0.003926653775023006,0.0077301979064941405,0.001510283715367457,,,"{'colsample_bytree': 1.0, 'learning_rate': 0.01, 'max_depth': 3, 'min_child_weight': 5, 'n_estimators': 200, 'subsample': 1.0}",0.8229166666666666,0.8011532738095238,0.7605096726190477,0.6813616071428571,0.7939918154761905,0.7719866071428572,0.0495447378687191,280.0,XGBoost,3,,,,200.0,1.0,0.01,5.0,1.0
0.16598033905029297,0.009534951413639131,0.013619756698608399,0.003914686746801651,,,"{'colsample_bytree': 1.0, 'learning_rate': 0.01, 'max_depth': 3, 'min_child_weight': 5, 'n_estimators': 300, 'subsample': 0.8}",0.8368675595238096,0.8037574404761904,0.7777157738095237,0.6968005952380952,0.8050595238095237,0.7840401785714286,0.04748064545751925,146.0,XGBoost,3,,,,300.0,1.0,0.01,5.0,0.8
0.15389304161071776,0.005019428316093388,0.01074519157409668,0.0027452434549579885,,,"{'colsample_bytree': 1.0, 'learning_rate': 0.01, 'max_depth': 3, 'min_child_weight': 5, 'n_estimators': 300, 'subsample': 1.0}",0.8245907738095237,0.8031994047619048,0.7708333333333334,0.6865699404761904,0.7951078869047619,0.7760602678571428,0.047938281342949605,240.0,XGBoost,3,,,,300.0,1.0,0.01,5.0,1.0
0.10764975547790527,0.008132471620832454,0.009812736511230468,0.0013453973862747595,,,"{'colsample_bytree': 1.0, 'learning_rate': 0.01, 'max_depth': 5, 'min_child_weight': 1, 'n_estimators': 100, 'subsample': 0.8}",0.8420758928571429,0.8100818452380952,0.7496279761904763,0.699032738095238,0.8115699404761905,0.7824776785714287,0.05138571378065001,164.0,XGBoost,5,,,,100.0,1.0,0.01,1.0,0.8
0.08838262557983398,0.0016064918481184156,0.00926957130432129,0.002453460015981538,,,"{'colsample_bytree': 1.0, 'learning_rate': 0.01, 'max_depth': 5, 'min_child_weight': 1, 'n_estimators': 100, 'subsample': 1.0}",0.8304501488095237,0.8055245535714286,0.7287946428571429,0.6805245535714286,0.7730654761904762,0.763671875,0.05371987096522416,312.0,XGBoost,5,,,,100.0,1.0,0.01,1.0,1.0
0.1719437599182129,0.00930595286485228,0.009577703475952149,0.0016528582375515575,,,"{'colsample_bytree': 1.0, 'learning_rate': 0.01, 'max_depth': 5, 'min_child_weight': 1, 'n_estimators': 200, 'subsample': 0.8}",0.8409598214285715,0.8031994047619048,0.7712053571428571,0.7049851190476191,0.8231026785714285,0.7886904761904762,0.0478311809077307,73.0,XGBoost,5,,,,200.0,1.0,0.01,1.0,0.8
0.16146445274353027,0.0051944685772805105,0.008737993240356446,0.0018566654444657409,,,"{'colsample_bytree': 1.0, 'learning_rate': 0.01, 'max_depth': 5, 'min_child_weight': 1, 'n_estimators': 200, 'subsample': 1.0}",0.8350074404761906,0.7998511904761905,0.7468377976190476,0.6843377976190477,0.8011532738095237,0.7734375,0.05273140594333486,267.0,XGBoost,5,,,,200.0,1.0,0.01,1.0,1.0
0.23860483169555663,0.018848707428000974,0.008859586715698243,0.001125899486826983,,,"{'colsample_bytree': 1.0, 'learning_rate': 0.01, 'max_depth': 5, 'min_child_weight': 1, 'n_estimators': 300, 'subsample': 0.8}",0.8400297619047619,0.8063616071428571,0.7808779761904762,0.7144717261904762,0.8273809523809523,0.7938244047619047,0.04445810605404802,15.0,XGBoost,5,,,,300.0,1.0,0.01,1.0,0.8
0.23205146789550782,0.016601419087071686,0.009351587295532227,0.0011101713316531427,,,"{'colsample_bytree': 1.0, 'learning_rate': 0.01, 'max_depth': 5, 'min_child_weight': 1, 'n_estimators': 300, 'subsample': 1.0}",0.8338913690476191,0.7922247023809523,0.7555803571428571,0.6914062499999999,0.8022693452380952,0.7750744047619047,0.04873091584928034,253.0,XGBoost,5,,,,300.0,1.0,0.01,1.0,1.0
0.09717264175415039,0.029151053455574574,0.007837295532226562,0.0011674365590976109,,,"{'colsample_bytree': 1.0, 'learning_rate': 0.01, 'max_depth': 5, 'min_child_weight': 3, 'n_estimators': 100, 'subsample': 0.8}",0.8379836309523809,0.8100818452380952,0.7315848214285715,0.6867559523809523,0.8102678571428571,0.7753348214285715,0.05676763959218488,251.0,XGBoost,5,,,,100.0,1.0,0.01,3.0,0.8
0.08112797737121583,0.00502497125073491,0.008625936508178712,0.00260449177089043,,,"{'colsample_bytree': 1.0, 'learning_rate': 0.01, 'max_depth': 5, 'min_child_weight': 3, 'n_estimators': 100, 'subsample': 1.0}",0.8389136904761904,0.8094308035714286,0.7218191964285714,0.6721540178571428,0.8064546130952381,0.7697544642857144,0.06249439724745609,289.0,XGBoost,5,,,,100.0,1.0,0.01,3.0,1.0
0.15530662536621093,0.012907029186867144,0.009444522857666015,0.0020485493516206542,,,"{'colsample_bytree': 1.0, 'learning_rate': 0.01, 'max_depth': 5, 'min_child_weight': 3, 'n_estimators': 200, 'subsample': 0.8}",0.8400297619047618,0.8035714285714286,0.7637648809523808,0.6951264880952381,0.8177083333333334,0.7840401785714286,0.05092461067325129,146.0,XGBoost,5,,,,200.0,1.0,0.01,3.0,0.8
0.13459177017211915,0.001866933235632702,0.007752513885498047,0.0008586512722412298,,,"{'colsample_bytree': 1.0, 'learning_rate': 0.01, 'max_depth': 5, 'min_child_weight': 3, 'n_estimators': 200, 'subsample': 1.0}",0.8457961309523808,0.8115699404761906,0.730096726190476,0.6737351190476191,0.816592261904762,0.7755580357142857,0.06379450140636568,246.0,XGBoost,5,,,,200.0,1.0,0.01,3.0,1.0
0.20190606117248536,0.008868956519165498,0.007593774795532226,0.0007594012620677225,,,"{'colsample_bytree': 1.0, 'learning_rate': 0.01, 'max_depth': 5, 'min_child_weight': 3, 'n_estimators': 300, 'subsample': 0.8}",0.8431919642857143,0.8063616071428572,0.7780877976190477,0.7027529761904762,0.8188244047619048,0.7898437500000001,0.048335815337324985,53.0,XGBoost,5,,,,300.0,1.0,0.01,3.0,0.8
0.21280841827392577,0.020560758665734893,0.010059690475463868,0.0019836926488334032,,,"{'colsample_bytree': 1.0, 'learning_rate': 0.01, 'max_depth': 5, 'min_child_weight': 3, 'n_estimators': 300, 'subsample': 1.0}",0.8448660714285714,0.8095238095238095,0.7475818452380952,0.6899181547619048,0.8143601190476191,0.78125,0.05552970994343157,190.0,XGBoost,5,,,,300.0,1.0,0.01,3.0,1.0
0.07609834671020507,0.0045697912064981035,0.008574628829956054,0.0006969088949211993,,,"{'colsample_bytree': 1.0, 'learning_rate': 0.01, 'max_depth': 5, 'min_child_weight': 5, 'n_estimators': 100, 'subsample': 0.8}",0.8327752976190476,0.8046875,0.7423735119047619,0.6806175595238095,0.8050595238095238,0.7731026785714284,0.054913461547290245,270.0,XGBoost,5,,,,100.0,1.0,0.01,5.0,0.8
0.08342828750610351,0.0077017849336183525,0.009718894958496094,0.000827742830193531,,,"{'colsample_bytree': 1.0, 'learning_rate': 0.01, 'max_depth': 5, 'min_child_weight': 5, 'n_estimators': 100, 'subsample': 1.0}",0.8286830357142857,0.816034226190476,0.7178199404761904,0.6698288690476191,0.8031994047619048,0.7671130952380951,0.06225815951473453,303.0,XGBoost,5,,,,100.0,1.0,0.01,5.0,1.0
0.14415087699890136,0.009478920327155504,0.008138513565063477,0.002242121553235537,,,"{'colsample_bytree': 1.0, 'learning_rate': 0.01, 'max_depth': 5, 'min_child_weight': 5, 'n_estimators': 200, 'subsample': 0.8}",0.8390997023809524,0.8071056547619048,0.7643229166666666,0.6927083333333333,0.8082217261904762,0.7822916666666666,0.05072140475477412,168.0,XGBoost,5,,,,200.0,1.0,0.01,5.0,0.8
0.13461174964904785,0.006034394410008081,0.008046150207519531,0.002161691040187023,,,"{'colsample_bytree': 1.0, 'learning_rate': 0.01, 'max_depth': 5, 'min_child_weight': 5, 'n_estimators': 200, 'subsample': 1.0}",0.8361235119047619,0.8158482142857142,0.7408854166666666,0.6767113095238096,0.8152901785714286,0.7769717261904763,0.05972100427471233,232.0,XGBoost,5,,,,200.0,1.0,0.01,5.0,1.0
0.19623465538024903,0.01012507099283146,0.00878763198852539,0.001972481778271986,,,"{'colsample_bytree': 1.0, 'learning_rate': 0.01, 'max_depth': 5, 'min_child_weight': 5, 'n_estimators': 300, 'subsample': 0.8}",0.844122023809524,0.8022693452380952,0.7792038690476192,0.6995907738095238,0.8104538690476191,0.7871279761904761,0.048471090503343695,91.0,XGBoost,5,,,,300.0,1.0,0.01,5.0,0.8
0.19523358345031738,0.0182450406345563,0.009931278228759766,0.0012388625938845868,,,"{'colsample_bytree': 1.0, 'learning_rate': 0.01, 'max_depth': 5, 'min_child_weight': 5, 'n_estimators': 300, 'subsample': 1.0}",0.8333333333333334,0.8093377976190476,0.7535342261904762,0.685639880952381,0.8171502976190477,0.7797991071428572,0.054202145505656704,212.0,XGBoost,5,,,,300.0,1.0,0.01,5.0,1.0
0.12214469909667969,0.009205911338852044,0.008499574661254884,0.0019485971992683356,,,"{'colsample_bytree': 1.0, 'learning_rate': 0.01, 'max_depth': 7, 'min_child_weight': 1, 'n_estimators': 100, 'subsample': 0.8}",0.8342633928571429,0.8191964285714286,0.7568824404761905,0.7113095238095238,0.8197544642857143,0.78828125,0.046842717294295844,77.0,XGBoost,7,,,,100.0,1.0,0.01,1.0,0.8
0.12534751892089843,0.005675706184524002,0.007588052749633789,0.0010742433154686632,,,"{'colsample_bytree': 1.0, 'learning_rate': 0.01, 'max_depth': 7, 'min_child_weight': 1, 'n_estimators': 100, 'subsample': 1.0}",0.8284970238095238,0.8046875,0.7172619047619049,0.6640625,0.7779947916666667,0.7585007440476191,0.06005320524820629,321.0,XGBoost,7,,,,100.0,1.0,0.01,1.0,1.0
0.2321807861328125,0.016560725001564924,0.009940814971923829,0.0016214598515104943,,,"{'colsample_bytree': 1.0, 'learning_rate': 0.01, 'max_depth': 7, 'min_child_weight': 1, 'n_estimators': 200, 'subsample': 0.8}",0.8355654761904762,0.8128720238095238,0.7697172619047619,0.7131696428571428,0.8344494047619048,0.7931547619047619,0.046560975735601265,21.0,XGBoost,7,,,,200.0,1.0,0.01,1.0,0.8
0.235847806930542,0.015385404205631333,0.007854413986206055,0.0015587977466482242,,,"{'colsample_bytree': 1.0, 'learning_rate': 0.01, 'max_depth': 7, 'min_child_weight': 1, 'n_estimators': 200, 'subsample': 1.0}",0.83203125,0.7978050595238095,0.732607886904762,0.6605282738095238,0.7896205357142857,0.7625186011904762,0.06018028755251106,316.0,XGBoost,7,,,,200.0,1.0,0.01,1.0,1.0
0.3238666534423828,0.022711655196072347,0.009667587280273438,0.0004570820422431395,,,"{'colsample_bytree': 1.0, 'learning_rate': 0.01, 'max_depth': 7, 'min_child_weight': 1, 'n_estimators': 300, 'subsample': 0.8}",0.8385416666666666,0.8123139880952381,0.7790178571428572,0.7239583333333334,0.832217261904762,0.7972098214285714,0.042092056834784945,5.0,XGBoost,7,,,,300.0,1.0,0.01,1.0,0.8
0.33150253295898435,0.017084803502285584,0.009701251983642578,0.0010246855532324588,,,"{'colsample_bytree': 1.0, 'learning_rate': 0.01, 'max_depth': 7, 'min_child_weight': 1, 'n_estimators': 300, 'subsample': 1.0}",0.8309151785714286,0.7870163690476191,0.748139880952381,0.6742931547619048,0.8046875,0.7690104166666667,0.05447239136762867,291.0,XGBoost,7,,,,300.0,1.0,0.01,1.0,1.0
0.09288129806518555,0.004812777387135466,0.007848072052001952,0.0015160414439534147,,,"{'colsample_bytree': 1.0, 'learning_rate': 0.01, 'max_depth': 7, 'min_child_weight': 3, 'n_estimators': 100, 'subsample': 0.8}",0.8409598214285714,0.806733630952381,0.7323288690476191,0.6863839285714285,0.8104538690476191,0.7753720238095239,0.05707475752094148,250.0,XGBoost,7,,,,100.0,1.0,0.01,3.0,0.8
0.10439629554748535,0.006334229951365645,0.010174036026000977,0.0021405364495170405,,,"{'colsample_bytree': 1.0, 'learning_rate': 0.01, 'max_depth': 7, 'min_child_weight': 3, 'n_estimators': 100, 'subsample': 1.0}",0.8340773809523809,0.7937127976190476,0.7202380952380951,0.6898251488095238,0.8003162202380953,0.7676339285714285,0.05378390686643272,299.0,XGBoost,7,,,,100.0,1.0,0.01,3.0,1.0
0.18765974044799805,0.009185612639320235,0.008471250534057617,0.0012021930070274243,,,"{'colsample_bytree': 1.0, 'learning_rate': 0.01, 'max_depth': 7, 'min_child_weight': 3, 'n_estimators': 200, 'subsample': 0.8}",0.8420758928571428,0.8069196428571429,0.7593005952380952,0.6921502976190477,0.8214285714285714,0.784375,0.05356256643794975,140.0,XGBoost,7,,,,200.0,1.0,0.01,3.0,0.8
0.2012040615081787,0.023343963192505028,0.008922958374023437,0.0007902738129761239,,,"{'colsample_bytree': 1.0, 'learning_rate': 0.01, 'max_depth': 7, 'min_child_weight': 3, 'n_estimators': 200, 'subsample': 1.0}",0.8368675595238095,0.800967261904762,0.734561011904762,0.6796875,0.8197544642857143,0.7743675595238095,0.05869010171298237,259.0,XGBoost,7,,,,200.0,1.0,0.01,3.0,1.0
0.2566402435302734,0.030028954478133654,0.009714555740356446,0.0025096410235574,,,"{'colsample_bytree': 1.0, 'learning_rate': 0.01, 'max_depth': 7, 'min_child_weight': 3, 'n_estimators': 300, 'subsample': 0.8}",0.840215773809524,0.8084077380952381,0.7771577380952381,0.7023809523809523,0.8206845238095238,0.7897693452380953,0.04825715273592689,55.0,XGBoost,7,,,,300.0,1.0,0.01,3.0,0.8
0.25433011054992677,0.018121461787785783,0.008721303939819337,0.0009671031034073559,,,"{'colsample_bytree': 1.0, 'learning_rate': 0.01, 'max_depth': 7, 'min_child_weight': 3, 'n_estimators': 300, 'subsample': 1.0}",0.8357514880952381,0.8005952380952381,0.7509300595238095,0.6956845238095238,0.8281250000000001,0.7822172619047618,0.05249378552700787,170.0,XGBoost,7,,,,300.0,1.0,0.01,3.0,1.0
0.08268918991088867,0.006304340263626421,0.008225965499877929,0.00132138764520765,,,"{'colsample_bytree': 1.0, 'learning_rate': 0.01, 'max_depth': 7, 'min_child_weight': 5, 'n_estimators': 100, 'subsample': 0.8}",0.8314732142857143,0.8026413690476191,0.7401413690476191,0.6834077380952381,0.8026413690476191,0.772061011904762,0.053438549447002354,279.0,XGBoost,7,,,,100.0,1.0,0.01,5.0,0.8
0.0924757957458496,0.01083701679135019,0.008240127563476562,0.0008877326256537057,,,"{'colsample_bytree': 1.0, 'learning_rate': 0.01, 'max_depth': 7, 'min_child_weight': 5, 'n_estimators': 100, 'subsample': 1.0}",0.8218005952380952,0.8082217261904762,0.7348400297619049,0.6877790178571428,0.8110119047619048,0.7727306547619047,0.05250792204370015,272.0,XGBoost,7,,,,100.0,1.0,0.01,5.0,1.0
0.15499696731567383,0.00929856637444717,0.008829784393310548,0.0004081504194075835,,,"{'colsample_bytree': 1.0, 'learning_rate': 0.01, 'max_depth': 7, 'min_child_weight': 5, 'n_estimators': 200, 'subsample': 0.8}",0.8400297619047619,0.8058035714285714,0.7633928571428572,0.6893601190476191,0.8082217261904762,0.7813616071428572,0.05205377562648829,185.0,XGBoost,7,,,,200.0,1.0,0.01,5.0,0.8
0.16964597702026368,0.0052909980369298506,0.008642005920410156,0.0005182581031330573,,,"{'colsample_bytree': 1.0, 'learning_rate': 0.01, 'max_depth': 7, 'min_child_weight': 5, 'n_estimators': 200, 'subsample': 1.0}",0.8232886904761905,0.8078497023809524,0.7509300595238095,0.6899181547619048,0.8204985119047619,0.7784970238095238,0.05145512939638748,222.0,XGBoost,7,,,,200.0,1.0,0.01,5.0,1.0
0.23076510429382324,0.007169130609497018,0.010359764099121094,0.0015694211660885026,,,"{'colsample_bytree': 1.0, 'learning_rate': 0.01, 'max_depth': 7, 'min_child_weight': 5, 'n_estimators': 300, 'subsample': 0.8}",0.8409598214285714,0.8002232142857143,0.777529761904762,0.6995907738095238,0.8123139880952381,0.7861235119047618,0.04786132215856127,114.0,XGBoost,7,,,,300.0,1.0,0.01,5.0,0.8
0.23152561187744142,0.015148656273761654,0.00885009765625,0.0010842646733155046,,,"{'colsample_bytree': 1.0, 'learning_rate': 0.01, 'max_depth': 7, 'min_child_weight': 5, 'n_estimators': 300, 'subsample': 1.0}",0.8227306547619048,0.7961309523809523,0.7609747023809524,0.7018229166666667,0.8201264880952381,0.7803571428571429,0.045098186395581726,200.0,XGBoost,7,,,,300.0,1.0,0.01,5.0,1.0
0.06080026626586914,0.0020072330297042436,0.00796651840209961,0.00047525280957150224,,,"{'colsample_bytree': 1.0, 'learning_rate': 0.05, 'max_depth': 3, 'min_child_weight': 1, 'n_estimators': 100, 'subsample': 0.8}",0.8383556547619047,0.8138020833333333,0.78125,0.7075892857142857,0.8043154761904763,0.7890625,0.04466191929340068,66.0,XGBoost,3,,,,100.0,1.0,0.05,1.0,0.8
0.058330345153808597,0.0026025823744753713,0.00847768783569336,0.0004932035320310572,,,"{'colsample_bytree': 1.0, 'learning_rate': 0.05, 'max_depth': 3, 'min_child_weight': 1, 'n_estimators': 100, 'subsample': 1.0}",0.8232886904761906,0.8061755952380952,0.7713913690476192,0.6990327380952381,0.8024553571428571,0.78046875,0.04402731644795395,199.0,XGBoost,3,,,,100.0,1.0,0.05,1.0,1.0
0.118841552734375,0.011472409844542559,0.009528493881225586,0.0016436036266758989,,,"{'colsample_bytree': 1.0, 'learning_rate': 0.05, 'max_depth': 3, 'min_child_weight': 1, 'n_estimators': 200, 'subsample': 0.8}",0.8413318452380953,0.8106398809523809,0.7933407738095237,0.7167038690476191,0.8113839285714286,0.7946800595238095,0.041933767345487004,12.0,XGBoost,3,,,,200.0,1.0,0.05,1.0,0.8
0.10638527870178223,0.005769820638994737,0.00866560935974121,0.00077626964940707,,,"{'colsample_bytree': 1.0, 'learning_rate': 0.05, 'max_depth': 3, 'min_child_weight': 1, 'n_estimators': 200, 'subsample': 1.0}",0.8385416666666666,0.8037574404761905,0.7836681547619048,0.7029389880952381,0.8115699404761905,0.7880952380952382,0.04607036872396663,79.0,XGBoost,3,,,,200.0,1.0,0.05,1.0,1.0
0.16228117942810058,0.007064473821054763,0.007873773574829102,0.00039174362221254034,,,"{'colsample_bytree': 1.0, 'learning_rate': 0.05, 'max_depth': 3, 'min_child_weight': 1, 'n_estimators': 300, 'subsample': 0.8}",0.8348214285714285,0.8091517857142857,0.7847842261904762,0.7226562499999999,0.8065476190476191,0.7915922619047618,0.03794544378974256,36.0,XGBoost,3,,,,300.0,1.0,0.05,1.0,0.8
0.14338130950927735,0.00634224337957126,0.008049917221069337,0.0005725154707714346,,,"{'colsample_bytree': 1.0, 'learning_rate': 0.05, 'max_depth': 3, 'min_child_weight': 1, 'n_estimators': 300, 'subsample': 1.0}",0.83203125,0.8048735119047619,0.7717633928571428,0.710751488095238,0.812313988095238,0.7863467261904762,0.04250159956807123,105.0,XGBoost,3,,,,300.0,1.0,0.05,1.0,1.0
0.06342401504516601,0.004750236638720342,0.00972294807434082,0.0035355143846388494,,,"{'colsample_bytree': 1.0, 'learning_rate': 0.05, 'max_depth': 3, 'min_child_weight': 3, 'n_estimators': 100, 'subsample': 0.8}",0.8337053571428571,0.8089657738095238,0.7827380952380952,0.7100074404761905,0.802827380952381,0.7876488095238096,0.04209110328309478,85.0,XGBoost,3,,,,100.0,1.0,0.05,3.0,0.8
0.05916905403137207,0.0058906260189563586,0.007818031311035156,0.002041244501266451,,,"{'colsample_bytree': 1.0, 'learning_rate': 0.05, 'max_depth': 3, 'min_child_weight': 3, 'n_estimators': 100, 'subsample': 1.0}",0.8316592261904763,0.8020833333333334,0.7790178571428572,0.68359375,0.8043154761904762,0.7801339285714286,0.05107373415645781,208.0,XGBoost,3,,,,100.0,1.0,0.05,3.0,1.0
0.10441513061523437,0.003144035225438486,0.008511590957641601,0.0010781716722475963,,,"{'colsample_bytree': 1.0, 'learning_rate': 0.05, 'max_depth': 3, 'min_child_weight': 3, 'n_estimators': 200, 'subsample': 0.8}",0.8370535714285715,0.8005952380952381,0.8018973214285714,0.7096354166666667,0.8154761904761905,0.7929315476190478,0.04366320324932401,24.0,XGBoost,3,,,,200.0,1.0,0.05,3.0,0.8
0.10350713729858399,0.008964026343391787,0.007830095291137696,0.0015394952536045914,,,"{'colsample_bytree': 1.0, 'learning_rate': 0.05, 'max_depth': 3, 'min_child_weight': 3, 'n_estimators': 200, 'subsample': 1.0}",0.8351934523809524,0.7953869047619048,0.7912946428571428,0.6899181547619048,0.8197544642857142,0.7863095238095237,0.05080698534607289,108.0,XGBoost,3,,,,200.0,1.0,0.05,3.0,1.0
0.15322380065917968,0.009463992221363907,0.007263040542602539,0.00046521870481448715,,,"{'colsample_bytree': 1.0, 'learning_rate': 0.05, 'max_depth': 3, 'min_child_weight': 3, 'n_estimators': 300, 'subsample': 0.8}",0.8288690476190477,0.7924107142857143,0.8013392857142857,0.7129836309523809,0.8130580357142857,0.7897321428571428,0.040269167316260165,57.0,XGBoost,3,,,,300.0,1.0,0.05,3.0,0.8
0.13814797401428222,0.006419714349971122,0.007622480392456055,0.0007907666360449065,,,"{'colsample_bytree': 1.0, 'learning_rate': 0.05, 'max_depth': 3, 'min_child_weight': 3, 'n_estimators': 300, 'subsample': 1.0}",0.8355654761904762,0.7855282738095238,0.7992931547619047,0.6979166666666667,0.8147321428571428,0.7866071428571428,0.047362502997921996,99.0,XGBoost,3,,,,300.0,1.0,0.05,3.0,1.0
0.0632974624633789,0.007351839317150067,0.007677268981933594,0.0010045211922540902,,,"{'colsample_bytree': 1.0, 'learning_rate': 0.05, 'max_depth': 3, 'min_child_weight': 5, 'n_estimators': 100, 'subsample': 0.8}",0.8413318452380953,0.7978050595238095,0.7844122023809523,0.7062872023809523,0.8175223214285715,0.7894717261904762,0.04580614820716868,60.0,XGBoost,3,,,,100.0,1.0,0.05,5.0,0.8
0.06175475120544434,0.004683762040537225,0.007911252975463866,0.0011931160103114773,,,"{'colsample_bytree': 1.0, 'learning_rate': 0.05, 'max_depth': 3, 'min_child_weight': 5, 'n_estimators': 100, 'subsample': 1.0}",0.8208705357142857,0.8035714285714286,0.7905505952380952,0.6953125,0.8072916666666666,0.7835193452380953,0.04514910135433198,152.0,XGBoost,3,,,,100.0,1.0,0.05,5.0,1.0
0.10551190376281738,0.00897655849351545,0.007963609695434571,0.0011474876364242176,,,"{'colsample_bytree': 1.0, 'learning_rate': 0.05, 'max_depth': 3, 'min_child_weight': 5, 'n_estimators': 200, 'subsample': 0.8}",0.8443080357142857,0.7944568452380952,0.7948288690476191,0.7018229166666666,0.8178943452380952,0.7906622023809524,0.0480492333973571,45.0,XGBoost,3,,,,200.0,1.0,0.05,5.0,0.8
0.09862885475158692,0.006973083904411666,0.008359622955322266,0.001988967498584892,,,"{'colsample_bytree': 1.0, 'learning_rate': 0.05, 'max_depth': 3, 'min_child_weight': 5, 'n_estimators': 200, 'subsample': 1.0}",0.8264508928571428,0.793154761904762,0.8022693452380952,0.6975446428571429,0.8102678571428571,0.7859375,0.04553112454498951,124.0,XGBoost,3,,,,200.0,1.0,0.05,5.0,1.0
0.15023694038391114,0.009765990351710241,0.008372306823730469,0.0011068328770803212,,,"{'colsample_bytree': 1.0, 'learning_rate': 0.05, 'max_depth': 3, 'min_child_weight': 5, 'n_estimators': 300, 'subsample': 0.8}",0.8351934523809523,0.7842261904761905,0.7827380952380952,0.6973586309523809,0.8072916666666666,0.7813616071428571,0.04612339127742927,186.0,XGBoost,3,,,,300.0,1.0,0.05,5.0,0.8
0.14444236755371093,0.0032828948377200662,0.008994293212890626,0.0019054202667142556,,,"{'colsample_bytree': 1.0, 'learning_rate': 0.05, 'max_depth': 3, 'min_child_weight': 5, 'n_estimators': 300, 'subsample': 1.0}",0.8325892857142857,0.78125,0.8017113095238095,0.6969866071428571,0.8020833333333333,0.7829241071428571,0.04598852340536354,157.0,XGBoost,3,,,,300.0,1.0,0.05,5.0,1.0
0.08384108543395996,0.0035077139972195313,0.0074580669403076175,0.0008663254548120225,,,"{'colsample_bytree': 1.0, 'learning_rate': 0.05, 'max_depth': 5, 'min_child_weight': 1, 'n_estimators': 100, 'subsample': 0.8}",0.8443080357142857,0.8041294642857143,0.7881324404761906,0.7222842261904762,0.8301711309523809,0.7978050595238095,0.04253714446571434,3.0,XGBoost,5,,,,100.0,1.0,0.05,1.0,0.8
0.08298063278198242,0.005527802824375012,0.009236955642700195,0.002228274522902062,,,"{'colsample_bytree': 1.0, 'learning_rate': 0.05, 'max_depth': 5, 'min_child_weight': 1, 'n_estimators': 100, 'subsample': 1.0}",0.8260788690476191,0.8050595238095238,0.7717633928571428,0.712797619047619,0.8171502976190477,0.7865699404761906,0.04123000759893896,101.0,XGBoost,5,,,,100.0,1.0,0.05,1.0,1.0
0.1515709400177002,0.010466211654356544,0.009125328063964844,0.0030512167950232393,,,"{'colsample_bytree': 1.0, 'learning_rate': 0.05, 'max_depth': 5, 'min_child_weight': 1, 'n_estimators': 200, 'subsample': 0.8}",0.8385416666666666,0.7998511904761905,0.7898065476190476,0.7204241071428572,0.8231026785714286,0.7943452380952382,0.04073220717159836,14.0,XGBoost,5,,,,200.0,1.0,0.05,1.0,0.8
0.14632973670959473,0.008974055934260775,0.010064268112182617,0.0021859489232368043,,,"{'colsample_bytree': 1.0, 'learning_rate': 0.05, 'max_depth': 5, 'min_child_weight': 1, 'n_estimators': 200, 'subsample': 1.0}",0.8260788690476191,0.7991071428571429,0.77734375,0.7129836309523809,0.814360119047619,0.7859747023809524,0.03997180732346694,121.0,XGBoost,5,,,,200.0,1.0,0.05,1.0,1.0
0.223877477645874,0.01418824679936008,0.011122560501098633,0.0021826339263235485,,,"{'colsample_bytree': 1.0, 'learning_rate': 0.05, 'max_depth': 5, 'min_child_weight': 1, 'n_estimators': 300, 'subsample': 0.8}",0.8327752976190476,0.7911086309523808,0.7821800595238095,0.7202380952380952,0.8203125,0.7893229166666667,0.03918005977814612,63.0,XGBoost,5,,,,300.0,1.0,0.05,1.0,0.8
0.21294646263122557,0.01914185918654253,0.008258390426635741,0.001356651588488588,,,"{'colsample_bytree': 1.0, 'learning_rate': 0.05, 'max_depth': 5, 'min_child_weight': 1, 'n_estimators': 300, 'subsample': 1.0}",0.8184523809523809,0.7883184523809523,0.7825520833333334,0.7168898809523809,0.8121279761904762,0.7836681547619048,0.03606137147634712,151.0,XGBoost,5,,,,300.0,1.0,0.05,1.0,1.0
0.08352804183959961,0.006790627205047743,0.010269451141357421,0.0027660293630619322,,,"{'colsample_bytree': 1.0, 'learning_rate': 0.05, 'max_depth': 5, 'min_child_weight': 3, 'n_estimators': 100, 'subsample': 0.8}",0.8417038690476191,0.8030133928571428,0.7855282738095238,0.6947544642857143,0.8268229166666666,0.7903645833333333,0.051555037510561647,50.0,XGBoost,5,,,,100.0,1.0,0.05,3.0,0.8
0.07941117286682128,0.0025431775374022392,0.008731794357299805,0.002151816479337759,,,"{'colsample_bytree': 1.0, 'learning_rate': 0.05, 'max_depth': 5, 'min_child_weight': 3, 'n_estimators': 100, 'subsample': 1.0}",0.8411458333333333,0.8048735119047619,0.7745535714285715,0.7103794642857143,0.8186383928571428,0.7899181547619047,0.04524436658637036,52.0,XGBoost,5,,,,100.0,1.0,0.05,3.0,1.0
0.14017033576965332,0.009290014450100172,0.00896439552307129,0.0026225397301424,,,"{'colsample_bytree': 1.0, 'learning_rate': 0.05, 'max_depth': 5, 'min_child_weight': 3, 'n_estimators': 200, 'subsample': 0.8}",0.8389136904761905,0.7905505952380953,0.787016369047619,0.70703125,0.8203124999999999,0.788764880952381,0.04515924681010595,71.0,XGBoost,5,,,,200.0,1.0,0.05,3.0,0.8
0.12355408668518067,0.004857955644105918,0.008373641967773437,0.00044325038166501287,,,"{'colsample_bytree': 1.0, 'learning_rate': 0.05, 'max_depth': 5, 'min_child_weight': 3, 'n_estimators': 200, 'subsample': 1.0}",0.8346354166666666,0.7901785714285714,0.7808779761904763,0.6995907738095238,0.8229166666666666,0.7856398809523809,0.047408534171394984,129.0,XGBoost,5,,,,200.0,1.0,0.05,3.0,1.0
0.1931306838989258,0.009901477990664318,0.007679080963134766,0.0006994049976080053,,,"{'colsample_bytree': 1.0, 'learning_rate': 0.05, 'max_depth': 5, 'min_child_weight': 3, 'n_estimators': 300, 'subsample': 0.8}",0.8325892857142857,0.7797619047619048,0.7818080357142857,0.7018229166666666,0.8108258928571429,0.7813616071428571,0.04432060652408746,186.0,XGBoost,5,,,,300.0,1.0,0.05,3.0,0.8
0.17947659492492676,0.01456170862465743,0.008797788619995117,0.0017448850182646266,,,"{'colsample_bytree': 1.0, 'learning_rate': 0.05, 'max_depth': 5, 'min_child_weight': 3, 'n_estimators': 300, 'subsample': 1.0}",0.8385416666666666,0.7738095238095237,0.7777157738095237,0.6953125,0.8201264880952379,0.7811011904761903,0.049490829497288134,192.0,XGBoost,5,,,,300.0,1.0,0.05,3.0,1.0
0.07488803863525391,0.00594266639256982,0.007380294799804688,0.0015831112099974243,,,"{'colsample_bytree': 1.0, 'learning_rate': 0.05, 'max_depth': 5, 'min_child_weight': 5, 'n_estimators': 100, 'subsample': 0.8}",0.8508184523809523,0.80078125,0.7890625,0.7059151785714285,0.8175223214285714,0.7928199404761905,0.0481746270517432,26.0,XGBoost,5,,,,100.0,1.0,0.05,5.0,0.8
0.07262024879455567,0.0023092640765640018,0.007898759841918946,0.0013492448385863593,,,"{'colsample_bytree': 1.0, 'learning_rate': 0.05, 'max_depth': 5, 'min_child_weight': 5, 'n_estimators': 100, 'subsample': 1.0}",0.8340773809523809,0.7996651785714286,0.7782738095238095,0.6956845238095238,0.8223586309523809,0.7860119047619047,0.049064651755680255,120.0,XGBoost,5,,,,100.0,1.0,0.05,5.0,1.0
0.13262710571289063,0.010565891258354498,0.008653926849365234,0.0008547163726706884,,,"{'colsample_bytree': 1.0, 'learning_rate': 0.05, 'max_depth': 5, 'min_child_weight': 5, 'n_estimators': 200, 'subsample': 0.8}",0.8444940476190477,0.791108630952381,0.7961309523809524,0.7040550595238095,0.8117559523809523,0.7895089285714286,0.04661988281261872,59.0,XGBoost,5,,,,200.0,1.0,0.05,5.0,0.8
0.11946382522583007,0.009671881686289317,0.01073150634765625,0.004941697266979985,,,"{'colsample_bytree': 1.0, 'learning_rate': 0.05, 'max_depth': 5, 'min_child_weight': 5, 'n_estimators': 200, 'subsample': 1.0}",0.8331473214285714,0.7881324404761905,0.7767857142857142,0.6934523809523809,0.8124999999999999,0.7808035714285715,0.047842695834142614,194.0,XGBoost,5,,,,200.0,1.0,0.05,5.0,1.0
0.19693369865417482,0.018144873500640424,0.010454416275024414,0.0018312439783422583,,,"{'colsample_bytree': 1.0, 'learning_rate': 0.05, 'max_depth': 5, 'min_child_weight': 5, 'n_estimators': 300, 'subsample': 0.8}",0.8368675595238095,0.7847842261904763,0.7795758928571428,0.6981026785714285,0.8039434523809523,0.7806547619047619,0.045902733288200465,196.0,XGBoost,5,,,,300.0,1.0,0.05,5.0,0.8
0.17970652580261232,0.007832744430313955,0.008230304718017578,0.0002529592406013696,,,"{'colsample_bytree': 1.0, 'learning_rate': 0.05, 'max_depth': 5, 'min_child_weight': 5, 'n_estimators': 300, 'subsample': 1.0}",0.8301711309523809,0.7715773809523809,0.7704613095238095,0.6986607142857143,0.8056175595238095,0.775297619047619,0.0443640537643313,252.0,XGBoost,5,,,,300.0,1.0,0.05,5.0,1.0
0.11765069961547851,0.009376518072343484,0.022293901443481444,0.027448184810659478,,,"{'colsample_bytree': 1.0, 'learning_rate': 0.05, 'max_depth': 7, 'min_child_weight': 1, 'n_estimators': 100, 'subsample': 0.8}",0.8389136904761904,0.7953869047619048,0.7739955357142857,0.7165178571428572,0.8288690476190477,0.7907366071428571,0.04378453144036576,44.0,XGBoost,7,,,,100.0,1.0,0.05,1.0,0.8
0.11861639022827149,0.004771533219274204,0.009605026245117188,0.0010523118462674487,,,"{'colsample_bytree': 1.0, 'learning_rate': 0.05, 'max_depth': 7, 'min_child_weight': 1, 'n_estimators': 100, 'subsample': 1.0}",0.841703869047619,0.7901785714285715,0.7609747023809523,0.6843377976190477,0.8069196428571428,0.7768229166666667,0.0531006357111876,234.0,XGBoost,7,,,,100.0,1.0,0.05,1.0,1.0
0.2084656238555908,0.009713843667761905,0.011255216598510743,0.004111288173434455,,,"{'colsample_bytree': 1.0, 'learning_rate': 0.05, 'max_depth': 7, 'min_child_weight': 1, 'n_estimators': 200, 'subsample': 0.8}",0.8431919642857143,0.7868303571428572,0.7719494047619048,0.7131696428571429,0.8193824404761904,0.7869047619047619,0.04446028515780992,95.0,XGBoost,7,,,,200.0,1.0,0.05,1.0,0.8
0.1910231590270996,0.013444488341738628,0.00910048484802246,0.001579650599532915,,,"{'colsample_bytree': 1.0, 'learning_rate': 0.05, 'max_depth': 7, 'min_child_weight': 1, 'n_estimators': 200, 'subsample': 1.0}",0.8348214285714285,0.7886904761904762,0.7734375,0.6997767857142857,0.8145461309523809,0.7822544642857142,0.04632011666935296,169.0,XGBoost,7,,,,200.0,1.0,0.05,1.0,1.0
0.29251785278320314,0.011253537327524755,0.010538625717163085,0.0014028069382922056,,,"{'colsample_bytree': 1.0, 'learning_rate': 0.05, 'max_depth': 7, 'min_child_weight': 1, 'n_estimators': 300, 'subsample': 0.8}",0.8329613095238095,0.7782738095238095,0.7669270833333334,0.7133556547619048,0.8158482142857143,0.7814732142857144,0.0417001021779113,181.0,XGBoost,7,,,,300.0,1.0,0.05,1.0,0.8
0.2653187274932861,0.016184152762787268,0.010185670852661134,0.001225373707665815,,,"{'colsample_bytree': 1.0, 'learning_rate': 0.05, 'max_depth': 7, 'min_child_weight': 1, 'n_estimators': 300, 'subsample': 1.0}",0.8342633928571429,0.7844122023809524,0.7756696428571429,0.6997767857142858,0.8169642857142858,0.7822172619047618,0.046390250277684925,170.0,XGBoost,7,,,,300.0,1.0,0.05,1.0,1.0
0.0916445255279541,0.004281840114413209,0.008072662353515624,0.0011260067971284743,,,"{'colsample_bytree': 1.0, 'learning_rate': 0.05, 'max_depth': 7, 'min_child_weight': 3, 'n_estimators': 100, 'subsample': 0.8}",0.841889880952381,0.7892485119047619,0.7814360119047619,0.7025669642857143,0.8227306547619049,0.7875744047619048,0.04785996302917117,87.0,XGBoost,7,,,,100.0,1.0,0.05,3.0,0.8
0.09502983093261719,0.009729454810874975,0.009138870239257812,0.002695083160056138,,,"{'colsample_bytree': 1.0, 'learning_rate': 0.05, 'max_depth': 7, 'min_child_weight': 3, 'n_estimators': 100, 'subsample': 1.0}",0.8350074404761906,0.7888764880952381,0.7875744047619048,0.706845238095238,0.8260788690476191,0.7888764880952381,0.04526124901871189,69.0,XGBoost,7,,,,100.0,1.0,0.05,3.0,1.0
0.1485377788543701,0.002204818184917973,0.008052253723144531,0.00013507565409585226,,,"{'colsample_bytree': 1.0, 'learning_rate': 0.05, 'max_depth': 7, 'min_child_weight': 3, 'n_estimators': 200, 'subsample': 0.8}",0.8389136904761905,0.7825520833333333,0.7829241071428571,0.6865699404761905,0.8151041666666665,0.7812127976190475,0.05184594604616144,191.0,XGBoost,7,,,,200.0,1.0,0.05,3.0,0.8
0.15161261558532715,0.0034013872612172736,0.008545207977294921,0.00105572797198011,,,"{'colsample_bytree': 1.0, 'learning_rate': 0.05, 'max_depth': 7, 'min_child_weight': 3, 'n_estimators': 200, 'subsample': 1.0}",0.8428199404761905,0.7725074404761905,0.7855282738095237,0.6971726190476191,0.8171502976190474,0.7830357142857143,0.04945197068561616,156.0,XGBoost,7,,,,200.0,1.0,0.05,3.0,1.0
0.22181282043457032,0.013954198260676268,0.009902858734130859,0.001284278227350483,,,"{'colsample_bytree': 1.0, 'learning_rate': 0.05, 'max_depth': 7, 'min_child_weight': 3, 'n_estimators': 300, 'subsample': 0.8}",0.8305431547619047,0.7743675595238095,0.7686011904761905,0.6863839285714286,0.8033854166666666,0.7726562499999999,0.04849218691633582,273.0,XGBoost,7,,,,300.0,1.0,0.05,3.0,0.8
0.22250442504882811,0.003526686975413047,0.01015467643737793,0.003225627777383948,,,"{'colsample_bytree': 1.0, 'learning_rate': 0.05, 'max_depth': 7, 'min_child_weight': 3, 'n_estimators': 300, 'subsample': 1.0}",0.8489583333333333,0.7663690476190477,0.7823660714285715,0.6945684523809523,0.8089657738095238,0.7802455357142858,0.05115450485531681,204.0,XGBoost,7,,,,300.0,1.0,0.05,3.0,1.0
0.08101449012756348,0.0065295687902968665,0.008627033233642578,0.0013532637928135368,,,"{'colsample_bytree': 1.0, 'learning_rate': 0.05, 'max_depth': 7, 'min_child_weight': 5, 'n_estimators': 100, 'subsample': 0.8}",0.8422619047619048,0.8002232142857142,0.7868303571428571,0.7083333333333334,0.8151041666666667,0.7905505952380952,0.045042236375222366,48.0,XGBoost,7,,,,100.0,1.0,0.05,5.0,0.8
0.0825225830078125,0.00660796392961696,0.008174324035644531,0.001450337921830154,,,"{'colsample_bytree': 1.0, 'learning_rate': 0.05, 'max_depth': 7, 'min_child_weight': 5, 'n_estimators': 100, 'subsample': 1.0}",0.8303571428571429,0.797247023809524,0.7832961309523809,0.6943824404761905,0.8199404761904762,0.7850446428571429,0.04825460014471299,132.0,XGBoost,7,,,,100.0,1.0,0.05,5.0,1.0
0.14734749794006347,0.01225482059166062,0.009964799880981446,0.0019237238486983885,,,"{'colsample_bytree': 1.0, 'learning_rate': 0.05, 'max_depth': 7, 'min_child_weight': 5, 'n_estimators': 200, 'subsample': 0.8}",0.8374255952380952,0.7903645833333334,0.7879464285714286,0.7003348214285714,0.814360119047619,0.7860863095238095,0.04649776756544352,117.0,XGBoost,7,,,,200.0,1.0,0.05,5.0,0.8
0.15031189918518068,0.008864858122627174,0.010196828842163086,0.002002498765918764,,,"{'colsample_bytree': 1.0, 'learning_rate': 0.05, 'max_depth': 7, 'min_child_weight': 5, 'n_estimators': 200, 'subsample': 1.0}",0.8294270833333335,0.7752976190476191,0.7786458333333334,0.6956845238095238,0.810453869047619,0.7779017857142858,0.04578538603108009,226.0,XGBoost,7,,,,200.0,1.0,0.05,5.0,1.0
0.21041450500488282,0.0051365796231659005,0.02394976615905762,0.02748150599401021,,,"{'colsample_bytree': 1.0, 'learning_rate': 0.05, 'max_depth': 7, 'min_child_weight': 5, 'n_estimators': 300, 'subsample': 0.8}",0.8364955357142857,0.7864583333333334,0.7728794642857143,0.6988467261904763,0.8065476190476191,0.7802455357142858,0.04598801179027656,204.0,XGBoost,7,,,,300.0,1.0,0.05,5.0,0.8
0.20591158866882325,0.005385665656000734,0.01280975341796875,0.00310232179400049,,,"{'colsample_bytree': 1.0, 'learning_rate': 0.05, 'max_depth': 7, 'min_child_weight': 5, 'n_estimators': 300, 'subsample': 1.0}",0.8251488095238095,0.7704613095238095,0.7719494047619048,0.6962425595238094,0.8041294642857144,0.7735863095238095,0.04378601707239821,265.0,XGBoost,7,,,,300.0,1.0,0.05,5.0,1.0
0.06628694534301757,0.004363291850469923,0.00803966522216797,0.0013541253605894878,,,"{'colsample_bytree': 1.0, 'learning_rate': 0.1, 'max_depth': 3, 'min_child_weight': 1, 'n_estimators': 100, 'subsample': 0.8}",0.822358630952381,0.7972470238095238,0.7991071428571429,0.718563988095238,0.8097098214285714,0.7893973214285716,0.036530275532850216,61.0,XGBoost,3,,,,100.0,1.0,0.1,1.0,0.8
0.060748958587646486,0.00332043827820974,0.008372974395751954,0.0011082699905816686,,,"{'colsample_bytree': 1.0, 'learning_rate': 0.1, 'max_depth': 3, 'min_child_weight': 1, 'n_estimators': 100, 'subsample': 1.0}",0.8374255952380952,0.8063616071428571,0.7790178571428572,0.703125,0.8229166666666666,0.7897693452380952,0.047472104008708146,56.0,XGBoost,3,,,,100.0,1.0,0.1,1.0,1.0
0.11555352210998535,0.002887284708629052,0.007911920547485352,0.000992078644577035,,,"{'colsample_bytree': 1.0, 'learning_rate': 0.1, 'max_depth': 3, 'min_child_weight': 1, 'n_estimators': 200, 'subsample': 0.8}",0.8292410714285714,0.781436011904762,0.8007812500000001,0.7027529761904762,0.8013392857142856,0.7831101190476191,0.04297140723076226,155.0,XGBoost,3,,,,200.0,1.0,0.1,1.0,0.8
0.1061213493347168,0.005062269938060194,0.007837152481079102,0.001521551280608278,,,"{'colsample_bytree': 1.0, 'learning_rate': 0.1, 'max_depth': 3, 'min_child_weight': 1, 'n_estimators': 200, 'subsample': 1.0}",0.8316592261904763,0.7992931547619048,0.7719494047619048,0.7180059523809524,0.8184523809523809,0.7878720238095238,0.04029321854050493,82.0,XGBoost,3,,,,200.0,1.0,0.1,1.0,1.0
0.16584668159484864,0.005615792309924597,0.008490371704101562,0.0014747109372867733,,,"{'colsample_bytree': 1.0, 'learning_rate': 0.1, 'max_depth': 3, 'min_child_weight': 1, 'n_estimators': 300, 'subsample': 0.8}",0.8242187499999999,0.7726934523809523,0.7944568452380951,0.6945684523809524,0.7942708333333333,0.7760416666666666,0.043912521819259275,241.0,XGBoost,3,,,,300.0,1.0,0.1,1.0,0.8
0.14637446403503418,0.006130760114570491,0.009274148941040039,0.0009942325935964748,,,"{'colsample_bytree': 1.0, 'learning_rate': 0.1, 'max_depth': 3, 'min_child_weight': 1, 'n_estimators': 300, 'subsample': 1.0}",0.8270089285714285,0.7702752976190476,0.7682291666666666,0.7232142857142857,0.8128720238095238,0.7803199404761905,0.0367359148679437,203.0,XGBoost,3,,,,300.0,1.0,0.1,1.0,1.0
0.062009763717651364,0.0032910315514894663,0.00751190185546875,0.0006115598267467594,,,"{'colsample_bytree': 1.0, 'learning_rate': 0.1, 'max_depth': 3, 'min_child_weight': 3, 'n_estimators': 100, 'subsample': 0.8}",0.8232886904761905,0.8059895833333333,0.8011532738095238,0.712611607142857,0.8180803571428572,0.7922247023809523,0.040597838632927916,32.0,XGBoost,3,,,,100.0,1.0,0.1,3.0,0.8
0.06421370506286621,0.004182673246713092,0.007621669769287109,0.0014336757519955276,,,"{'colsample_bytree': 1.0, 'learning_rate': 0.1, 'max_depth': 3, 'min_child_weight': 3, 'n_estimators': 100, 'subsample': 1.0}",0.8387276785714286,0.8097098214285715,0.7925967261904763,0.6971726190476191,0.818266369047619,0.7912946428571429,0.04935004859084099,39.0,XGBoost,3,,,,100.0,1.0,0.1,3.0,1.0
0.11031279563903809,0.0015715639006224035,0.009999227523803712,0.0004952834454642613,,,"{'colsample_bytree': 1.0, 'learning_rate': 0.1, 'max_depth': 3, 'min_child_weight': 3, 'n_estimators': 200, 'subsample': 0.8}",0.8188244047619048,0.7955729166666667,0.8076636904761905,0.7100074404761905,0.8041294642857143,0.7872395833333334,0.039330043250913986,89.0,XGBoost,3,,,,200.0,1.0,0.1,3.0,0.8
0.10607290267944336,0.006058925773251174,0.006635808944702148,0.0008738410949678722,,,"{'colsample_bytree': 1.0, 'learning_rate': 0.1, 'max_depth': 3, 'min_child_weight': 3, 'n_estimators': 200, 'subsample': 1.0}",0.8324032738095237,0.7885044642857143,0.7994791666666667,0.6990327380952381,0.8210565476190477,0.7880952380952382,0.047141362212874474,79.0,XGBoost,3,,,,200.0,1.0,0.1,3.0,1.0
0.1569291591644287,0.005262982223933834,0.008206605911254883,0.001361891242583056,,,"{'colsample_bytree': 1.0, 'learning_rate': 0.1, 'max_depth': 3, 'min_child_weight': 3, 'n_estimators': 300, 'subsample': 0.8}",0.8141741071428572,0.7827380952380952,0.785342261904762,0.7062872023809523,0.7890625,0.7755208333333334,0.036384879540109036,247.0,XGBoost,3,,,,300.0,1.0,0.1,3.0,0.8
0.15304083824157716,0.010875794370966311,0.009411430358886719,0.0013374708761746804,,,"{'colsample_bytree': 1.0, 'learning_rate': 0.1, 'max_depth': 3, 'min_child_weight': 3, 'n_estimators': 300, 'subsample': 1.0}",0.8279389880952381,0.7728794642857142,0.7845982142857142,0.6888020833333333,0.8193824404761905,0.7787202380952382,0.049456728263417765,220.0,XGBoost,3,,,,300.0,1.0,0.1,3.0,1.0
0.06251726150512696,0.0019020810739175241,0.009923410415649415,0.00174850866373629,,,"{'colsample_bytree': 1.0, 'learning_rate': 0.1, 'max_depth': 3, 'min_child_weight': 5, 'n_estimators': 100, 'subsample': 0.8}",0.8359375,0.7845982142857144,0.7879464285714285,0.6990327380952381,0.8138020833333334,0.7842633928571429,0.04652029439430579,141.0,XGBoost,3,,,,100.0,1.0,0.1,5.0,0.8
0.059360837936401366,0.004025093349257271,0.008708333969116211,0.0010619132637558009,,,"{'colsample_bytree': 1.0, 'learning_rate': 0.1, 'max_depth': 3, 'min_child_weight': 5, 'n_estimators': 100, 'subsample': 1.0}",0.8253348214285714,0.7914806547619048,0.8069196428571429,0.7003348214285714,0.8072916666666667,0.7862723214285715,0.04428630556960944,109.0,XGBoost,3,,,,100.0,1.0,0.1,5.0,1.0
0.10856986045837402,0.0055114849877847235,0.010142803192138672,0.0033590309272381012,,,"{'colsample_bytree': 1.0, 'learning_rate': 0.1, 'max_depth': 3, 'min_child_weight': 5, 'n_estimators': 200, 'subsample': 0.8}",0.8325892857142856,0.7680431547619048,0.7788318452380952,0.6941964285714286,0.8093377976190477,0.7765997023809523,0.047064026230397946,235.0,XGBoost,3,,,,200.0,1.0,0.1,5.0,0.8
0.10344882011413574,0.005063684145412674,0.007951021194458008,0.0013253847885686904,,,"{'colsample_bytree': 1.0, 'learning_rate': 0.1, 'max_depth': 3, 'min_child_weight': 5, 'n_estimators': 200, 'subsample': 1.0}",0.8294270833333334,0.7639508928571429,0.7881324404761905,0.6908482142857143,0.7979910714285715,0.7740699404761906,0.04661038191741455,262.0,XGBoost,3,,,,200.0,1.0,0.1,5.0,1.0
0.16694188117980957,0.005239860962118927,0.008802461624145507,0.0015469671463749347,,,"{'colsample_bytree': 1.0, 'learning_rate': 0.1, 'max_depth': 3, 'min_child_weight': 5, 'n_estimators': 300, 'subsample': 0.8}",0.8303571428571428,0.765625,0.7604166666666666,0.6813616071428571,0.8045014880952381,0.7684523809523809,0.05057490947526375,295.0,XGBoost,3,,,,300.0,1.0,0.1,5.0,0.8
0.1496743679046631,0.003463521984476519,0.008957624435424805,0.0007365684304897744,,,"{'colsample_bytree': 1.0, 'learning_rate': 0.1, 'max_depth': 3, 'min_child_weight': 5, 'n_estimators': 300, 'subsample': 1.0}",0.8312872023809524,0.757626488095238,0.7764136904761905,0.6839657738095238,0.7898065476190476,0.7678199404761904,0.0484164941010981,297.0,XGBoost,3,,,,300.0,1.0,0.1,5.0,1.0
0.08721117973327637,0.004631649596464417,0.00835118293762207,0.0009257544885777354,,,"{'colsample_bytree': 1.0, 'learning_rate': 0.1, 'max_depth': 5, 'min_child_weight': 1, 'n_estimators': 100, 'subsample': 0.8}",0.8216145833333333,0.7950148809523809,0.8005952380952381,0.7347470238095238,0.828311011904762,0.7960565476190476,0.033088082889054765,7.0,XGBoost,5,,,,100.0,1.0,0.1,1.0,0.8
0.08559145927429199,0.007545361802831301,0.007499599456787109,0.0009478270517076452,,,"{'colsample_bytree': 1.0, 'learning_rate': 0.1, 'max_depth': 5, 'min_child_weight': 1, 'n_estimators': 100, 'subsample': 1.0}",0.8271949404761905,0.7925967261904762,0.7810639880952381,0.7150297619047619,0.8089657738095238,0.784970238095238,0.03827219237215304,134.0,XGBoost,5,,,,100.0,1.0,0.1,1.0,1.0
0.16199870109558107,0.015228657014491078,0.009962892532348633,0.002289561710246859,,,"{'colsample_bytree': 1.0, 'learning_rate': 0.1, 'max_depth': 5, 'min_child_weight': 1, 'n_estimators': 200, 'subsample': 0.8}",0.8162202380952381,0.78125,0.7821800595238095,0.7202380952380952,0.8108258928571429,0.7821428571428571,0.034108598783124035,172.0,XGBoost,5,,,,200.0,1.0,0.1,1.0,0.8
0.13896770477294923,0.010792343708087123,0.008813190460205077,0.0009484563102484266,,,"{'colsample_bytree': 1.0, 'learning_rate': 0.1, 'max_depth': 5, 'min_child_weight': 1, 'n_estimators': 200, 'subsample': 1.0}",0.8309151785714286,0.7754836309523809,0.7827380952380952,0.711123511904762,0.8082217261904762,0.7816964285714285,0.04036408615559508,178.0,XGBoost,5,,,,200.0,1.0,0.1,1.0,1.0
0.20664410591125487,0.010116681211498764,0.009345722198486329,0.0021882033363656832,,,"{'colsample_bytree': 1.0, 'learning_rate': 0.1, 'max_depth': 5, 'min_child_weight': 1, 'n_estimators': 300, 'subsample': 0.8}",0.8151041666666666,0.7743675595238095,0.7730654761904763,0.7140997023809523,0.8110119047619048,0.777529761904762,0.03629377799443996,230.0,XGBoost,5,,,,300.0,1.0,0.1,1.0,0.8
0.20534439086914064,0.016207002052584046,0.010150003433227538,0.0017862728957398274,,,"{'colsample_bytree': 1.0, 'learning_rate': 0.1, 'max_depth': 5, 'min_child_weight': 1, 'n_estimators': 300, 'subsample': 1.0}",0.8338913690476191,0.7671130952380952,0.784970238095238,0.7126116071428571,0.8018973214285714,0.7800967261904763,0.040288203327345375,210.0,XGBoost,5,,,,300.0,1.0,0.1,1.0,1.0
0.08345613479614258,0.008098425818610233,0.00902557373046875,0.0017562832201043182,,,"{'colsample_bytree': 1.0, 'learning_rate': 0.1, 'max_depth': 5, 'min_child_weight': 3, 'n_estimators': 100, 'subsample': 0.8}",0.8318452380952381,0.79296875,0.7754836309523809,0.7053571428571429,0.8065476190476191,0.7824404761904762,0.042715494515348396,165.0,XGBoost,5,,,,100.0,1.0,0.1,3.0,0.8
0.07163290977478028,0.0054278709308706475,0.006943750381469727,0.0005680515735342567,,,"{'colsample_bytree': 1.0, 'learning_rate': 0.1, 'max_depth': 5, 'min_child_weight': 3, 'n_estimators': 100, 'subsample': 1.0}",0.8357514880952381,0.7912946428571429,0.7734375,0.6953125,0.8167782738095237,0.782514880952381,0.04852186051253382,163.0,XGBoost,5,,,,100.0,1.0,0.1,3.0,1.0
0.13520541191101074,0.00749957162198256,0.009168577194213868,0.0017517759007331303,,,"{'colsample_bytree': 1.0, 'learning_rate': 0.1, 'max_depth': 5, 'min_child_weight': 3, 'n_estimators': 200, 'subsample': 0.8}",0.820498511904762,0.7821800595238095,0.7604166666666666,0.6968005952380953,0.7991071428571429,0.7718005952380953,0.0423779700767338,282.0,XGBoost,5,,,,200.0,1.0,0.1,3.0,0.8
0.12267799377441406,0.0050605307456405325,0.00687408447265625,0.0007631461787294434,,,"{'colsample_bytree': 1.0, 'learning_rate': 0.1, 'max_depth': 5, 'min_child_weight': 3, 'n_estimators': 200, 'subsample': 1.0}",0.8299851190476191,0.765811011904762,0.7764136904761905,0.6921502976190477,0.8104538690476191,0.7749627976190475,0.04739375999987783,254.0,XGBoost,5,,,,200.0,1.0,0.1,3.0,1.0
0.1941438674926758,0.013887169776782095,0.009046363830566406,0.0010112217091065442,,,"{'colsample_bytree': 1.0, 'learning_rate': 0.1, 'max_depth': 5, 'min_child_weight': 3, 'n_estimators': 300, 'subsample': 0.8}",0.8108258928571429,0.7723214285714286,0.74609375,0.6904761904761905,0.7912946428571429,0.7622023809523809,0.041754365349723876,317.0,XGBoost,5,,,,300.0,1.0,0.1,3.0,0.8
0.1750056266784668,0.0054723790517819705,0.00824270248413086,0.0006721489139903492,,,"{'colsample_bytree': 1.0, 'learning_rate': 0.1, 'max_depth': 5, 'min_child_weight': 3, 'n_estimators': 300, 'subsample': 1.0}",0.8262648809523809,0.7593005952380952,0.7659970238095238,0.6891741071428571,0.805059523809524,0.7691592261904763,0.04702063073191852,290.0,XGBoost,5,,,,300.0,1.0,0.1,3.0,1.0
0.07577276229858398,0.006691662905067752,0.008545637130737305,0.0015297837956159477,,,"{'colsample_bytree': 1.0, 'learning_rate': 0.1, 'max_depth': 5, 'min_child_weight': 5, 'n_estimators': 100, 'subsample': 0.8}",0.8359375,0.789248511904762,0.7942708333333334,0.7025669642857142,0.80078125,0.7845610119047619,0.04414049566157083,139.0,XGBoost,5,,,,100.0,1.0,0.1,5.0,0.8
0.07009787559509277,0.0037586821472074855,0.009272384643554687,0.0020808322952045447,,,"{'colsample_bytree': 1.0, 'learning_rate': 0.1, 'max_depth': 5, 'min_child_weight': 5, 'n_estimators': 100, 'subsample': 1.0}",0.835751488095238,0.7937127976190477,0.7847842261904762,0.7059151785714286,0.80078125,0.7841889880952382,0.04278280279498211,144.0,XGBoost,5,,,,100.0,1.0,0.1,5.0,1.0
0.1328888416290283,0.008149462435418364,0.008753204345703125,0.001444457489496803,,,"{'colsample_bytree': 1.0, 'learning_rate': 0.1, 'max_depth': 5, 'min_child_weight': 5, 'n_estimators': 200, 'subsample': 0.8}",0.8258928571428572,0.7730654761904762,0.7756696428571428,0.6906622023809524,0.7970610119047619,0.7724702380952382,0.04508176480376196,275.0,XGBoost,5,,,,200.0,1.0,0.1,5.0,0.8
0.12299051284790039,0.00809935053111528,0.00939040184020996,0.0007369848232849169,,,"{'colsample_bytree': 1.0, 'learning_rate': 0.1, 'max_depth': 5, 'min_child_weight': 5, 'n_estimators': 200, 'subsample': 1.0}",0.8344494047619048,0.7765997023809524,0.761532738095238,0.6964285714285715,0.7983630952380951,0.7734747023809524,0.0456636154069953,266.0,XGBoost,5,,,,200.0,1.0,0.1,5.0,1.0
0.18568205833435059,0.014097881155372664,0.009931659698486328,0.0018889867556747529,,,"{'colsample_bytree': 1.0, 'learning_rate': 0.1, 'max_depth': 5, 'min_child_weight': 5, 'n_estimators': 300, 'subsample': 0.8}",0.8236607142857142,0.7674851190476191,0.7566964285714286,0.6934523809523809,0.7872023809523809,0.7656994047619048,0.04272181220850401,305.0,XGBoost,5,,,,300.0,1.0,0.1,5.0,0.8
0.1812443733215332,0.013480512201329288,0.009204435348510741,0.0018448114036174923,,,"{'colsample_bytree': 1.0, 'learning_rate': 0.1, 'max_depth': 5, 'min_child_weight': 5, 'n_estimators': 300, 'subsample': 1.0}",0.8210565476190477,0.7747395833333334,0.7503720238095238,0.6962425595238095,0.7957589285714287,0.7676339285714286,0.042638440663337655,298.0,XGBoost,5,,,,300.0,1.0,0.1,5.0,1.0
0.10730962753295899,0.009208803824181539,0.010553264617919922,0.0026395218947789746,,,"{'colsample_bytree': 1.0, 'learning_rate': 0.1, 'max_depth': 7, 'min_child_weight': 1, 'n_estimators': 100, 'subsample': 0.8}",0.8136160714285714,0.7957589285714286,0.7864583333333334,0.714657738095238,0.8249627976190476,0.7870907738095239,0.03862632043549435,92.0,XGBoost,7,,,,100.0,1.0,0.1,1.0,0.8
0.10485339164733887,0.006266738080169558,0.008029890060424805,0.0011798935320919835,,,"{'colsample_bytree': 1.0, 'learning_rate': 0.1, 'max_depth': 7, 'min_child_weight': 1, 'n_estimators': 100, 'subsample': 1.0}",0.834077380952381,0.7775297619047619,0.7831101190476191,0.6932663690476191,0.8108258928571429,0.7797619047619048,0.04777617190466042,213.0,XGBoost,7,,,,100.0,1.0,0.1,1.0,1.0
0.1793236255645752,0.013223871317643014,0.008213663101196289,0.0004916959391740145,,,"{'colsample_bytree': 1.0, 'learning_rate': 0.1, 'max_depth': 7, 'min_child_weight': 1, 'n_estimators': 200, 'subsample': 0.8}",0.8121279761904762,0.7836681547619048,0.7790178571428571,0.7038690476190476,0.8111979166666666,0.7779761904761904,0.039485135704142485,225.0,XGBoost,7,,,,200.0,1.0,0.1,1.0,0.8
0.16751632690429688,0.004744496545723541,0.008409357070922852,0.0011988674937114822,,,"{'colsample_bytree': 1.0, 'learning_rate': 0.1, 'max_depth': 7, 'min_child_weight': 1, 'n_estimators': 200, 'subsample': 1.0}",0.8335193452380952,0.7639508928571428,0.7799479166666666,0.691220238095238,0.8115699404761905,0.7760416666666666,0.0488304456648073,241.0,XGBoost,7,,,,200.0,1.0,0.1,1.0,1.0
0.2489931106567383,0.021968663140890802,0.009152698516845702,0.001021954393863002,,,"{'colsample_bytree': 1.0, 'learning_rate': 0.1, 'max_depth': 7, 'min_child_weight': 1, 'n_estimators': 300, 'subsample': 0.8}",0.8151041666666666,0.7788318452380952,0.7700892857142857,0.7064732142857143,0.8035714285714285,0.774813988095238,0.037839704611829915,256.0,XGBoost,7,,,,300.0,1.0,0.1,1.0,0.8
0.24334321022033692,0.012050885316523827,0.009795761108398438,0.0018520710307743206,,,"{'colsample_bytree': 1.0, 'learning_rate': 0.1, 'max_depth': 7, 'min_child_weight': 1, 'n_estimators': 300, 'subsample': 1.0}",0.8311011904761905,0.7609747023809523,0.7767857142857143,0.6875,0.8028273809523809,0.7718377976190476,0.04843109916745087,281.0,XGBoost,7,,,,300.0,1.0,0.1,1.0,1.0
0.0863377571105957,0.009944086690959765,0.007891178131103516,0.0003938366644665898,,,"{'colsample_bytree': 1.0, 'learning_rate': 0.1, 'max_depth': 7, 'min_child_weight': 3, 'n_estimators': 100, 'subsample': 0.8}",0.8277529761904763,0.7823660714285714,0.7706473214285714,0.6923363095238095,0.7978050595238094,0.7741815476190477,0.04517983722307646,261.0,XGBoost,7,,,,100.0,1.0,0.1,3.0,0.8
0.09036412239074706,0.007009865832024833,0.008313798904418945,0.0007505915139319593,,,"{'colsample_bytree': 1.0, 'learning_rate': 0.1, 'max_depth': 7, 'min_child_weight': 3, 'n_estimators': 100, 'subsample': 1.0}",0.8444940476190477,0.7691592261904762,0.7816220238095238,0.6891741071428571,0.8134300595238095,0.7795758928571429,0.052241071725291875,215.0,XGBoost,7,,,,100.0,1.0,0.1,3.0,1.0
0.14729804992675782,0.01149541233060253,0.009071969985961914,0.0007274947580736331,,,"{'colsample_bytree': 1.0, 'learning_rate': 0.1, 'max_depth': 7, 'min_child_weight': 3, 'n_estimators': 200, 'subsample': 0.8}",0.8236607142857144,0.7767857142857143,0.7511160714285714,0.6850818452380952,0.7879464285714286,0.7649181547619047,0.04623021195241848,308.0,XGBoost,7,,,,200.0,1.0,0.1,3.0,0.8
0.1487821102142334,0.014426719266937369,0.008063364028930663,0.0005059846326051186,,,"{'colsample_bytree': 1.0, 'learning_rate': 0.1, 'max_depth': 7, 'min_child_weight': 3, 'n_estimators': 200, 'subsample': 1.0}",0.8383556547619048,0.7555803571428572,0.7689732142857143,0.6889880952380952,0.7924107142857142,0.7688616071428571,0.0488675046701204,294.0,XGBoost,7,,,,200.0,1.0,0.1,3.0,1.0
0.21736884117126465,0.010373422095896444,0.009148454666137696,0.0008628765504462121,,,"{'colsample_bytree': 1.0, 'learning_rate': 0.1, 'max_depth': 7, 'min_child_weight': 3, 'n_estimators': 300, 'subsample': 0.8}",0.8234747023809523,0.7702752976190477,0.7462797619047619,0.6765252976190477,0.7879464285714286,0.7609002976190476,0.04912807882539825,318.0,XGBoost,7,,,,300.0,1.0,0.1,3.0,0.8
0.210830020904541,0.009450503433798926,0.00973968505859375,0.0017800565534632534,,,"{'colsample_bytree': 1.0, 'learning_rate': 0.1, 'max_depth': 7, 'min_child_weight': 3, 'n_estimators': 300, 'subsample': 1.0}",0.828125,0.7548363095238095,0.7561383928571429,0.6850818452380952,0.7901785714285714,0.7628720238095239,0.047254258679288175,315.0,XGBoost,7,,,,300.0,1.0,0.1,3.0,1.0
0.0791553020477295,0.004623446880467287,0.007496452331542969,0.000999613998352182,,,"{'colsample_bytree': 1.0, 'learning_rate': 0.1, 'max_depth': 7, 'min_child_weight': 5, 'n_estimators': 100, 'subsample': 0.8}",0.8372395833333334,0.7805059523809523,0.7767857142857143,0.7074032738095238,0.8119419642857143,0.7827752976190476,0.04367841542975621,159.0,XGBoost,7,,,,100.0,1.0,0.1,5.0,0.8
0.07865910530090332,0.0052252513649686345,0.007797145843505859,0.0009666889095883578,,,"{'colsample_bytree': 1.0, 'learning_rate': 0.1, 'max_depth': 7, 'min_child_weight': 5, 'n_estimators': 100, 'subsample': 1.0}",0.8266369047619048,0.7764136904761905,0.7803199404761905,0.7094494047619047,0.8056175595238095,0.7796875,0.039550277942981216,214.0,XGBoost,7,,,,100.0,1.0,0.1,5.0,1.0
0.13032121658325196,0.00658970618544999,0.00879201889038086,0.0011976701503154323,,,"{'colsample_bytree': 1.0, 'learning_rate': 0.1, 'max_depth': 7, 'min_child_weight': 5, 'n_estimators': 200, 'subsample': 0.8}",0.8260788690476191,0.7700892857142857,0.7635788690476191,0.6986607142857143,0.8054315476190477,0.7727678571428571,0.04357169157927062,271.0,XGBoost,7,,,,200.0,1.0,0.1,5.0,0.8
0.1284653663635254,0.004141531530374974,0.006498289108276367,0.002457197884747272,,,"{'colsample_bytree': 1.0, 'learning_rate': 0.1, 'max_depth': 7, 'min_child_weight': 5, 'n_estimators': 200, 'subsample': 1.0}",0.8145461309523809,0.7628348214285714,0.773251488095238,0.703311011904762,0.8031994047619049,0.7714285714285714,0.0389504487001101,283.0,XGBoost,7,,,,200.0,1.0,0.1,5.0,1.0
0.15302619934082032,0.02984757158281421,0.019062376022338866,0.021469229163242644,,,"{'colsample_bytree': 1.0, 'learning_rate': 0.1, 'max_depth': 7, 'min_child_weight': 5, 'n_estimators': 300, 'subsample': 0.8}",0.8138020833333333,0.7648809523809524,0.7477678571428572,0.6981026785714286,0.8004092261904762,0.7649925595238095,0.041006508981820566,307.0,XGBoost,7,,,,300.0,1.0,0.1,5.0,0.8
0.11732420921325684,0.010987236099671274,0.007203912734985352,0.0015279961485275286,,,"{'colsample_bytree': 1.0, 'learning_rate': 0.1, 'max_depth': 7, 'min_child_weight': 5, 'n_estimators': 300, 'subsample': 1.0}",0.8095238095238095,0.7568824404761905,0.7609747023809523,0.6949404761904762,0.802827380952381,0.7650297619047619,0.04099685501434444,306.0,XGBoost,7,,,,300.0,1.0,0.1,5.0,1.0
,,,,,,default,,,,,,0.7967633928571429,,,Voting Ensemble,,,,,,,,,
,,,,,,default,,,,,,0.7910342261904761,,,Stacking Ensemble,,,,,,,,,
,,,,,,default,,,,,,0.5,,,Random Baseline,,,,,,,,,
